sku,name_short,brand,category,great_category
539070047,"Refill ""Лимон"" для мытья посуды 1 л",SYNERGETIC,Посуда,Clean
538993940,"Кондиционер бальзам 3,75л Цветущий апельсин и роза",SYNERGETIC,Кондиционеры,Home
538862456,"Кондиционер бальзам 3,75л Нежный ирис и гранат",SYNERGETIC,Кондиционеры,Home
357690113,"Подгузники размер 2 / MINI, 50шт",SYNERGETIC,Подгузники,Baby
357690726,"Подгузники размер 3 / MIDI, 49шт",SYNERGETIC,Подгузники,Baby
357692316,"Подгузники размер 4 / MAXI, 42шт",SYNERGETIC,Подгузники,Baby
357692190,"Подгузники-трусики размер 4 / MAXI, 44шт",SYNERGETIC,Подгузники,Baby
357693360,"Подгузники-трусики размер 5 / JUNIOR, 40шт",SYNERGETIC,Подгузники,Baby
357694610,"Подгузники-трусики размер 6 / XL, 36шт",SYNERGETIC,Подгузники,Baby
539878217,Стирка 5л,SYNERGETIC,Стирка,Home
539878443,Стирка 5л Детская,SYNERGETIC,Стирка,Home
539887572,Кондиционер 5л Детский,SYNERGETIC,Кондиционеры,Home
539888128,"Кондиционер 2,75л Аромамагия",SYNERGETIC,Кондиционеры,Home
539888683,Кондиционер 5л Аромамагия,SYNERGETIC,Кондиционеры,Home
541307796,Кондиционер 5л Лавандовое поле,SYNERGETIC,Кондиционеры,Home
539920598,"Кондиционер 2,75л Миндальное молочко",SYNERGETIC,Кондиционеры,Home
539926725,Кондиционер 5л Утренняя роса,SYNERGETIC,Кондиционеры,Home
541314764,"Кондиционер 2,75л Цитрусовая фантазя",SYNERGETIC,Кондиционеры,Home
540000619,"Кондиционер 2,75л Детский",SYNERGETIC,Кондиционеры,Home
540103052,Кондиционер 5л Миндальное молочко,SYNERGETIC,Кондиционеры,Home
540028276,"Стирка 2,75л Для белого белья",SYNERGETIC,Стирка,Home
540211027,"Стирка 2,75л Для цветного белья",SYNERGETIC,Стирка,Home
540066002,"Ополаскиватель для ПММ 0,75л",SYNERGETIC,ПММ,Home
540104655,"Стирка 2,75л Для черного белья",SYNERGETIC,Стирка,Home
541320116,Отбеливатель 1л,SYNERGETIC,Пятновыводители,Home
540109988,"Соль для ПММ, 1500г",SYNERGETIC,ПММ,Home
540127411,Пятновыводитель 1л,SYNERGETIC,Пятновыводители,Home
541350293,"Таблетки для ПММ, 25шт",SYNERGETIC,ПММ,Home
540130201,Стирка 1л,SYNERGETIC,Стирка,Home
540195799,"Таблетки для ПММ, 55шт",SYNERGETIC,ПММ,Home
541405594,"Стирка 2,75л",SYNERGETIC,Стирка,Home
540225569,"Стирка 2,75л Детская",SYNERGETIC,Стирка,Home
540230800,Стиральный порошок (20 стирок),SYNERGETIC,Порошок,Home
540230018,"Посуда 0,5л Детская",SYNERGETIC,Посуда,Clean
540283113,Стиральный порошок (50 стирок),SYNERGETIC,Порошок,Home
540242339,Посуда 1л Апельсин,SYNERGETIC,Посуда,Clean
540246408,Посуда 1л Арбуз,SYNERGETIC,Посуда,Clean
540337510,"Окна 0,5л (Триггер)",SYNERGETIC,Окна,Clean
540246714,Посуда 1л Алоэ,SYNERGETIC,Посуда,Clean
540270565,Посуда 5л Алоэ,SYNERGETIC,Посуда,Clean
541311687,"Сантехника 0,7л Сказочная чистота (лаванда/шалфей)",SYNERGETIC,Сантехника,Clean
540297327,Посуда 5л Арбуз,SYNERGETIC,Посуда,Clean
540298426,Посуда 5л Лимон,SYNERGETIC,Посуда,Clean
541315183,"Сантехника 0,5л (Триггер)",SYNERGETIC,Сантехника,Clean
540316000,Посуда 5л Яблоко,SYNERGETIC,Посуда,Clean
540328208,"Стирка 0,75л Спортивная и мембранная одежда",SYNERGETIC,Стирка,Home
540332660,Поверхность 5л,SYNERGETIC,Пол,Clean
540337426,"Стирка 0,75л Для черного белья",SYNERGETIC,Стирка,Home
540338606,"Поверхность 0,75л Аромамагия",SYNERGETIC,Пол,Clean
540344439,"Поверхность 0,75л Горная лаванда",SYNERGETIC,Пол,Clean
540349518,"Поверхность 0,75л Хвойная свежесть",SYNERGETIC,Пол,Clean
540354543,"Поверхность 0,75л Цитрусовая свежесть",SYNERGETIC,Пол,Clean
540357779,Сантехника 1л Утёнок,SYNERGETIC,Сантехника,Clean
540369225,Трубы 1л,SYNERGETIC,Сантехника,Clean
540373396,"Плиты 0,5л (Триггер)",SYNERGETIC,Кухня,Clean
541308161,Плиты 1л (Флиптоп),SYNERGETIC,Кухня,Clean
540373403,Пятновыводитель (10стирок),SYNERGETIC,Пятновыводители,Home
540376152,Стирка 5л 2в1,SYNERGETIC,Стирка,Home
541347054,"Кондиционер бальзам 0,75л Иланг-иланг и вишня",SYNERGETIC,Кондиционеры,Home
541335282,"Поверхность и текстиль 0,5л (спрей)",SYNERGETIC,Пол,Clean
541343589,"Кухня 0,5л Мандарин и лемонграсс",SYNERGETIC,Кухня,Clean
541348316,"Таблетки для ПММ, 100шт",SYNERGETIC,ПММ,Home
541356856,Сет стирка 5л + кондиционер «Утренняя роса» 5л + подарок,SYNERGETIC,Home_Наборы,Home
541359252,"Набор экосредств SYNERGETIC ""Clean_Наборы дома""",SYNERGETIC,Clean_Наборы,Clean
541360156,Набор экосредств SYNERGETIC Clean_Наборы на кухне,SYNERGETIC,Clean_Наборы,Clean
541361611,Набор чистящих средств SYNERGETIC Чистый дом + ПОДАРОК,SYNERGETIC,Clean_Наборы,Clean
541363429,Набор чистящих средств Эко-стирка + Подарок,SYNERGETIC,Home_Наборы,Home
541414229,"Зубная паста детская липа и ромашка, от 0 до 3 лет, 50г",SYNERGETIC,Зубные пасты,Oral
541716450,"Бальзам для волос Максимальное питание и восстановление 0,25л",SYNERGETIC,Бальзамы для волос,Beauty
541464630,"Бальзам для волос Объём и укрепление волос 0,25л",SYNERGETIC,Бальзамы для волос,Beauty
541647910,"Набор гелей для душа полная коллекция ароматов, 380 мл *5 шт.",SYNERGETIC,Бьюти наборы,Beauty
541636620,"Скраб тонус и упругость, кофе и зеленый лайм 300мл",SYNERGETIC,Скрабы,Beauty
544043129,"Скраб эластичность и сияние кожи, сандал и ягоды можжевельника 300мл",SYNERGETIC,Скрабы,Beauty
544044150,"Скраб антицеллюлитный, пачули и ароматный бергамот 300мл",SYNERGETIC,Скрабы,Beauty
541727280,"Скраб глубокое очищение и питание, карамельное яблоко и ваниль 300мл",SYNERGETIC,Скрабы,Beauty
545665943,"Скраб подтягивающий, цветущий инжир и лотос 300мл",SYNERGETIC,Скрабы,Beauty
541805713,"Подарочный набор ""Идеальный спа-уход""",SYNERGETIC,Бьюти наборы,Beauty
541804095,"Шампунь Интенсивное увлажнение и блеск 0,25л",SYNERGETIC,Шампуни,Beauty
541809683,"Шампунь Максимальное питание и восстановление 0,25л",SYNERGETIC,Шампуни,Beauty
544021738,"Шампунь Объём и укрепление волос 0,25л",SYNERGETIC,Шампуни,Beauty
544021885,"Гель для душа 0,38л Сандал и ягоды можжевельника",SYNERGETIC,Гели для душа,Beauty
544028408,Мыло 5л Аромамагия,SYNERGETIC,Жидкое мыло,Beauty
544021550,"Жидкое мыло ""Аромамагия"" 0,5л",SYNERGETIC,Жидкое мыло,Beauty
542016884,Мыло 5л Лаванда,SYNERGETIC,Жидкое мыло,Beauty
542008554,Мыло 5л Миндальное молочко,SYNERGETIC,Жидкое мыло,Beauty
544018422,"Жидкое мыло ""Миндальное молочко"" 0,5 л",SYNERGETIC,Жидкое мыло,Beauty
544081770,Мыло 5л Полевые цветы,SYNERGETIC,Жидкое мыло,Beauty
542065878,Мыло 5л Фруктовый микс,SYNERGETIC,Жидкое мыло,Beauty
544040197,"Жидкое мыло ""Фруктовый микс"" 0,5л",SYNERGETIC,Жидкое мыло,Beauty
544040273,"Мыло 3,5л Лемонграсс и мята",SYNERGETIC,Жидкое мыло,Beauty
543977309,"Мыло 3,5л Имбирь и бергамот",SYNERGETIC,Жидкое мыло,Beauty
542239326,"Мыло 3,5л Мелисса и ромашка",SYNERGETIC,Жидкое мыло,Beauty
544053986,"Мыло 0,38л Карамельное яблоко и ваниль",SYNERGETIC,Жидкое мыло,Beauty
542183977,"Гель для душа 0,38л Кофе и зеленый лайм",SYNERGETIC,Гели для душа,Beauty
543973748,Гель для душа 750 мл Кофе и зеленый лайм,SYNERGETIC,Гели для душа,Beauty
543950353,Гель для душа 750 мл Кумкват и чувственное нероли,SYNERGETIC,Гели для душа,Beauty
543572689,Гель для душа 750 мл Цветущий инжир и лотос,SYNERGETIC,Гели для душа,Beauty
543596285,Гель для душа 750 мл Карамельное яблоко и ваниль,SYNERGETIC,Гели для душа,Beauty
543589682,Гель для душа 750 мл Гвоздика и дикая клюква,SYNERGETIC,Гели для душа,Beauty
543602971,"Гель для душа 0,38л Кокос и масло макадамии",SYNERGETIC,Гели для душа,Beauty
543943688,"Гель для душа 0,75л Кокос и масло макадамии",SYNERGETIC,Гели для душа,Beauty
543948413,Стиральный порошок (100 стирок),SYNERGETIC,Порошок,Home
544097927,"Кондиционер бальзам 0,75л Помело и яблоневый цвет",SYNERGETIC,Кондиционеры,Home
544098146,"Кондиционер бальзам 0,75л Нежный ирис и гранат",SYNERGETIC,Кондиционеры,Home
544976708,"Кондиционер бальзам 3,75л Иланг-иланг и вишня",SYNERGETIC,Кондиционеры,Home
546351388,"Стирка 1,5л Color",SYNERGETIC,Стирка,Home
546420622,"Стирка 1,5л Pure",SYNERGETIC,Стирка,Home
546491308,"Пятновыводитель 0,5л",SYNERGETIC,Пятновыводители,Home
546370468,"Пятновыводитель 0,25л",SYNERGETIC,Пятновыводители,Home
546411091,"Зубная паста интенсивное отбеливание, 100г (Кокос+Мята)",SYNERGETIC,Зубные пасты,Oral
546414793,"Зубная паста природное отбеливание, 100г (Уголь+Мята)",SYNERGETIC,Зубные пасты,Oral
546428276,"Зубная паста для чувствительных зубов и десен,100г (Ягоды+Мята)",SYNERGETIC,Зубные пасты,Oral
546572448,"Салфетки влажные, алоэ вера и нежный хлопок, 90шт",SYNERGETIC,Влажные салфетки,Baby
546697835,"Салфетки влажные, пантенол и овсяное молочко, 90шт",SYNERGETIC,Влажные салфетки,Baby
547214273,"Салфетки влажные, алоэ вера и нежный хлопок, 60шт",SYNERGETIC,Влажные салфетки,Baby
547004502,"Салфетки влажные, пантенол и овсяное молочко, 60шт",SYNERGETIC,Влажные салфетки,Baby
547063164,"Набор-Салфетки влажные для детей SYNERGETIC пантенол и овсяное молочко, 3уп х 90шт",SYNERGETIC,Влажные салфетки,Baby
547074042,"Набор-Салфетки влажные для детей SYNERGETIC алоэ вера и нежный хлопок, 3уп х 90шт",SYNERGETIC,Влажные салфетки,Baby
547076095,"Набор-Салфетки влажные для детей SYNERGETIC пантенол и овсяное молочко, 4уп х 60шт",SYNERGETIC,Влажные салфетки,Baby
547099391,"Набор-Салфетки влажные для детей SYNERGETIC алоэ вера и нежный хлопок, 4уп х 60шт",SYNERGETIC,Влажные салфетки,Baby
547097714,"Крем-мыло 3,5л Кокосовое молочко",SYNERGETIC,Жидкое мыло,Beauty
547125592,"Жидкое мыло ""Кокосовое молочко"" 0,5л",SYNERGETIC,Жидкое мыло,Beauty
547414685,"Бальзам для волос Интенсивное увлажнение и блеск 0,25л",SYNERGETIC,Бальзамы для волос,Beauty
547422896,"Шампунь 2в1 мужской Энергия и сила 0,75л",SYNERGETIC,Шампуни,Beauty
548849881,"Шампунь Интенсивное увлажнение и блеск 0,75л",SYNERGETIC,Шампуни,Beauty
547511462,"Шампунь 2в1 Экстрамягкий для ежедневного ухода 0,75л",SYNERGETIC,Шампуни,Beauty
547662513,"Шампунь Объём и укрепление волос 0,75л",SYNERGETIC,Шампуни,Beauty
547635111,"Шампунь 2в1 мужской Энергия и сила 0,25л",SYNERGETIC,Шампуни,Beauty
547563249,"Шампунь 2в1 Экстрамягкий для ежедневного ухода 0,25л",SYNERGETIC,Шампуни,Beauty
547686963,Гель для душа 750 мл Пачули и ароматный бергамот,SYNERGETIC,Гели для душа,Beauty
547667920,Гель для душа 750 мл Сандал и ягоды можжевельника,SYNERGETIC,Гели для душа,Beauty
547684309,Крем-мыло 1л Кокосовое молочко,SYNERGETIC,Жидкое мыло,Beauty
548740215,Пятновыводитель (25стирок),SYNERGETIC,Пятновыводители,Home
555037043,"Стирка 3,75л 2в1",SYNERGETIC,Стирка,Home
555074852,Кондиционер 5л Райский сад,SYNERGETIC,Кондиционеры,Home
555947705,"Кондиционер бальзам 3,75л Помело и яблоневый цвет",SYNERGETIC,Кондиционеры,Home
556613021,Кондиционер 5л Цветочная фантазия,SYNERGETIC,Кондиционеры,Home
556857025,"Кондиционер 2,75л Цветочная фантазия",SYNERGETIC,Кондиционеры,Home
556703512,"Кондиционер бальзам 3,75л Эвкалипт и ромашка",SYNERGETIC,Кондиционеры,Home
557635101,"Сет Набор спайка ""Соль для ПММ, 3кг""",SYNERGETIC,ПММ,Home
561358412,"Бальзам для посуды 3,5л Базилик и свежая мята",SYNERGETIC,Посуда,Clean
561378766,"Бальзам для посуды 3,5л Pure 0%",SYNERGETIC,Посуда,Clean
561383108,"Бальзам для посуды 3,5л Розмарин и листья смородины",SYNERGETIC,Посуда,Clean
562123037,"Бальзам для посуды 3,5л Розовый грейпфрут и специи",SYNERGETIC,Посуда,Clean
562122560,"Бальзам для посуды 3,5л Сочный гранат и абрикос",SYNERGETIC,Посуда,Clean
562373538,"Бальзам для посуды 3,5л Эвкалипт и горный чабрец",SYNERGETIC,Посуда,Clean
562197067,"Скраб питание и тонус, кокос и масло макадамии 300мл",SYNERGETIC,Скрабы,Beauty
562296788,Мыло 5л Луговые травы,SYNERGETIC,Жидкое мыло,Beauty
562305237,"Стирка 0,75л Для деликатных тканей",SYNERGETIC,Стирка,Home
562329330,Стирка 1л Детская,SYNERGETIC,Стирка,Home
562335067,"Стирка 0,75л 2в1",SYNERGETIC,Стирка,Home
562358012,"Стирка 0,75л Для цветного белья",SYNERGETIC,Стирка,Home
562370313,"Стирка 0,75л Для белого белья",SYNERGETIC,Стирка,Home
562386072,Кондиционер 1л Детский,SYNERGETIC,Кондиционеры,Home
562410317,"Кондиционер бальзам 0,75л Цветущий апельсин и роза",SYNERGETIC,Кондиционеры,Home
562803354,Кондиционер 1л Лавандовое поле,SYNERGETIC,Кондиционеры,Home
562592177,"Кондиционер бальзам 0,75л Эвкалипт и ромашка",SYNERGETIC,Кондиционеры,Home
562822112,Кондиционер 1л Миндальное молочко,SYNERGETIC,Кондиционеры,Home
562878290,Кондиционер 1л Аромамагия,SYNERGETIC,Кондиционеры,Home
562879956,Посуда 1л Яблоко,SYNERGETIC,Посуда,Clean
562968650,Посуда 1л Лимон,SYNERGETIC,Посуда,Clean
563415300,"Поверхность 0,75л Нежная чистота",SYNERGETIC,Пол,Clean
563573582,"Поверхность 0,75л Райский сад",SYNERGETIC,Пол,Clean
563603889,"Поверхность 0,75л Сила океана",SYNERGETIC,Пол,Clean
563635992,"Сантехника 0,7л 5в1 (грейпфрут/апельсин)",SYNERGETIC,Сантехника,Clean
563673293,"Сантехника 0,7л Зеленая сила (чайное дерево/эвкалипт)",SYNERGETIC,Сантехника,Clean
563853301,Мыло 1л Лемонграсс и мята,SYNERGETIC,Жидкое мыло,Beauty
563692494,"Жидкое мыло ""Лемонграсс и мята"" 0,5л",SYNERGETIC,Жидкое мыло,Beauty
564208849,"Мыло эвкалипт и шалфей, 90 г. твердое , кусковое",SYNERGETIC,Кусковое мыло,Beauty
564243365,"Мыло розмарин и имбирь, 90 г. твердое, кусковое",SYNERGETIC,Кусковое мыло,Beauty
564238683,"Мыло морская соль и водоросли, 90 г. твердое, кусковое",SYNERGETIC,Кусковое мыло,Beauty
564240465,"Мыло ""Масло мяты и апельсин"" 90 г. твердое, кусковое",SYNERGETIC,Кусковое мыло,Beauty
564240000,"Мыло 0,38л Пачули и ароматный бергамот",SYNERGETIC,Жидкое мыло,Beauty
564310135,"Жидкое мыло ""Лаванда"" увлажняющее 0,5л",SYNERGETIC,Жидкое мыло,Beauty
568751814,"Мыло 0,38л Цветущий инжир и лотос",SYNERGETIC,Жидкое мыло,Beauty
564337546,"Гель для душа 0,38л Кумкват и чувственное нероли",SYNERGETIC,Гели для душа,Beauty
569311156,"Набор экосредств ""Стирка на 3 месяца""",SYNERGETIC,Home_Наборы,Home
569348380,"Набор эко средств SYNERGETIC ""Стирка XL""",SYNERGETIC,Стирка,Home
569370330,"Набор экосредство SYNERGETIC ""Для посудомойки XL""",SYNERGETIC,ПММ,Home
569383379,"Набор для стирки детского белья 5л + кондиционер ""Нежное прикосновение"" 5л",SYNERGETIC,Home_Наборы,Home
569390840,"Набор для мытья посуды ""Арбуз"" 5л + жидкое мыло ""Миндальное молочко"" 5л",SYNERGETIC,Clean_Наборы,Clean
570303493,"Набор мыла: ""Цветущий инжир"" + ""Сандал"" + ""Карамельное яблоко"", 380 мл*3 шт.",SYNERGETIC,Бьюти наборы,Beauty
569663840,"Набор мыло и гель ""Сандал"" + гель для душа ""Карамельное яблоко"", 380 мл*3 шт.",SYNERGETIC,Бьюти наборы,Beauty
569435471,"Набор ""Нежный уход"" для увлажнения кожи и укрепления волос",SYNERGETIC,Бьюти наборы,Beauty
570062679,"Подарочный набор ""Кокос и масло макадамии""",SYNERGETIC,Бьюти наборы,Beauty
596498366,"Стирка 0,75л Для джинсовых тканей",SYNERGETIC,Стирка,Home
596532261,Кондиционер 1л Утренняя роса,SYNERGETIC,Кондиционеры,Home
596577002,Кондиционер 1л Райский сад,SYNERGETIC,Кондиционеры,Home
596696938,Кондиционер 1л Цитрусовая фантазя,SYNERGETIC,Кондиционеры,Home
596720152,Кондиционер 1л Цветочная фантазия,SYNERGETIC,Кондиционеры,Home
596876689,Посуда 1л Автомат,SYNERGETIC,ПММ,Home
596960135,Посуда 5л Автомат,SYNERGETIC,ПММ,Home
596996854,"Посуда 0,5л Яблоко",SYNERGETIC,Посуда,Clean
597019248,"Посуда 0,5л Апельсин",SYNERGETIC,Посуда,Clean
597031571,Бальзам для посуды 1л Базилик и свежая мята,SYNERGETIC,Посуда,Clean
597050339,Бальзам для посуды 1л Эвкалипт и горный чабрец,SYNERGETIC,Посуда,Clean
597078871,Бальзам для посуды 1л Розмарин и листья смородины,SYNERGETIC,Посуда,Clean
597169662,Бальзам для посуды 1л Сочный гранат и абрикос,SYNERGETIC,Посуда,Clean
597729462,Трубы 5л,SYNERGETIC,Сантехника,Clean
597748418,Бальзам для посуды 1л Розовый грейпфрут и специи,SYNERGETIC,Посуда,Clean
597760596,"Бальзам для посуды 0,5л Pure 0%",SYNERGETIC,Посуда,Clean
597796584,"Бальзам для посуды 0,5л Базилик и свежая мята",SYNERGETIC,Посуда,Clean
597848405,"Бальзам для посуды 0,5л Эвкалипт и горный чабрец",SYNERGETIC,Посуда,Clean
598006933,"Кондиционер 2,75л Лавандовое поле",SYNERGETIC,Кондиционеры,Home
598028751,Кондиционер 5л Цитрусовая фантазия,SYNERGETIC,Кондиционеры,Home
598046717,"Кондиционер 2,75л Райский сад",SYNERGETIC,Кондиционеры,Home
598065835,"Кондиционер 2,75л Утренняя роса",SYNERGETIC,Кондиционеры,Home
598073683,Посуда 5л Апельсин,SYNERGETIC,Посуда,Clean
598088598,Плиты 5л,SYNERGETIC,Кухня,Clean
598106043,Сантехника 5л,SYNERGETIC,Сантехника,Clean
598115035,Окна 5л,SYNERGETIC,Окна,Clean
598665861,Бальзам для посуды 1л Pure 0%,SYNERGETIC,Посуда,Clean
598703394,"Бальзам для посуды 0,5л Розмарин и листья смородины",SYNERGETIC,Посуда,Clean
598712662,"Бальзам для посуды 0,5л Сочный гранат и абрикос",SYNERGETIC,Посуда,Clean
599005304,Поверхность 1л,SYNERGETIC,Пол,Clean
599026291,"Поверхность 0,75л Полевые цветы",SYNERGETIC,Пол,Clean
599044631,"Сантехника 0,7л Хвойный лес (пихта/кедр)",SYNERGETIC,Сантехника,Clean
599138864,"Жидкое мыло ""Луговые травы"" 0,5л",SYNERGETIC,Жидкое мыло,Beauty
599173988,Мыло 1л Имбирь и бергамот,SYNERGETIC,Жидкое мыло,Beauty
600664176,"Мыло ""Ассорти"" 4*90гр. твердое, кусковое",SYNERGETIC,Кусковое мыло,Beauty
600840799,"Мыло ""Масло мяты и апельсин"" 4*90гр. твердое, кусковое",SYNERGETIC,Кусковое мыло,Beauty
600802291,"Мыло ""Морская соль и водоросли "" 4*90гр. твердое, кусковое",SYNERGETIC,Кусковое мыло,Beauty
600803421,"Мыло ""Розмарин и имбирь"" 4*90гр. кусковое, твердое",SYNERGETIC,Кусковое мыло,Beauty
600889590,"Мыло Эвкалипт и шалфей 4*90гр. твердое, кусковое",SYNERGETIC,Кусковое мыло,Beauty
607930618,Таблетки для посудомоечных машин 300шт.,SYNERGETIC,ПММ,Home
608323830,Набор Зубная паста Активная защита Лайм +Мята 100гр-2шт.,SYNERGETIC,Зубные пасты,Oral
608326473,"Набор Зубная паста Деликатное отбеливание МАЛИНА+МЯТА, 100 г-2шт",SYNERGETIC,Зубные пасты,Oral
608340332,"Набор Зубная паста Для чувствительных зубов и дёсен ЯГОДЫ+МЯТА, 100 г -2шт",SYNERGETIC,Зубные пасты,Oral
608733194,Спайка Зубная паста Интенсивное отбеливание Кокос + Мята 100гр.2шт,SYNERGETIC,Зубные пасты,Oral
608407604,Набор Зубная паста Комплекс-формула 7в1 МАНГО+МЯТА 100 г -2шт,SYNERGETIC,Зубные пасты,Oral
608398882,"Набор Зубная паста Комплексное укрепление УЛЬТРАМЯТА, 100 г -2шт",SYNERGETIC,Зубные пасты,Oral
608682578,"Набор Зубная паста Природное отбеливание УГОЛЬ+МЯТА, 100 г -2шт",SYNERGETIC,Зубные пасты,Oral
608687548,"Набор Зубная паста , для детей от 0 до 3 лет, 50 г -2шт",SYNERGETIC,Зубные пасты,Oral
608702021,"Набор Зубная паста , для детей от 3 до 6 лет, жёлтая, 50 г -2шт",SYNERGETIC,Зубные пасты,Oral
608712075,"Набор Зубная паста , для детей от 3 до 6 лет, натуральная, красная, 50 г -2шт",SYNERGETIC,Зубные пасты,Oral
623695358,"Маска ""Тонизирующая для роста волос"" 300 мл",SYNERGETIC,Маски для волос,Beauty
625097444,Маска для волос Интенсивное увлажнение и блеск 300 мл,SYNERGETIC,Маски для волос,Beauty
625134081,Маска для волос Максимальное питание и восстановление 300 мл,SYNERGETIC,Маски для волос,Beauty
623797095,"Шампунь Балансирующий для мягкого очищения жирной кожи головы, 250 мл",SYNERGETIC,Шампуни,Beauty
624928972,"Шампунь Глубокое очищение и тонизирование для роста волос, 250 мл",SYNERGETIC,Шампуни,Beauty
624654664,"Шампунь Интенсивное увлажнение и блеск 3,5 л",SYNERGETIC,Шампуни,Beauty
624926833,"Шампунь Максимальное питание и восстановление 3,5 л",SYNERGETIC,Шампуни,Beauty
625242355,Освежитель «Ягоды можжевельника и ангелика» 380 мл,SYNERGETIC,Освежители воздуха,Clean
628140710,Освежитель «Миндаль и яблоневый цвет» 380 мл,SYNERGETIC,Освежители воздуха,Clean
628150803,Освежитель «Ирис и розовый перец» 380 мл,SYNERGETIC,Освежители воздуха,Clean
628159292,Освежитель «Пачули и нероли» 380 мл,SYNERGETIC,Освежители воздуха,Clean
628162484,Освежитель «Имбирь и лемонграсс» 380 мл,SYNERGETIC,Освежители воздуха,Clean
628632057,"Сантехника ""Лаванда и шалфей"" для ванной и туалета 5л",SYNERGETIC,Сантехника,Clean
628682805,"Сантехника ""Грейпфрут и апельсин"" для ванной и туалета 5 л",SYNERGETIC,Сантехника,Clean
628735666,Крем для рук Сандал и ягоды можжевельника 380 мл,SYNERGETIC,Крем для рук и тела,Beauty
628740961,Крем для рук Пачули и ароматный бергамот 380 мл,SYNERGETIC,Крем для рук и тела,Beauty
628745308,Крем для рук Карамельное яблоко и ваниль 380 мл,SYNERGETIC,Крем для рук и тела,Beauty
628921423,"Пол и поверхности ""Нежная чистота"" 5 литров",SYNERGETIC,Пол,Clean
628930282,"Пол и поверхности ""Цитрусовая свежесть"" 5 литров",SYNERGETIC,Пол,Clean
629063495,"Пол и поверхности ""Горная лаванда"" 5л",SYNERGETIC,Пол,Clean
630745112,"Шампунь Против перхоти для чувствительной кожи головы, 250 мл",SYNERGETIC,Шампуни,Beauty
630604198,"Шампунь Балансирующий для мягкого очищения жирной кожи головы, 750 мл",SYNERGETIC,Шампуни,Beauty
630743268,"Шампунь Глубокое очищение и тонизирование для роста волос, 750 мл",SYNERGETIC,Шампуни,Beauty
630742361,"Шампунь Против перхоти для чувствительной кожи головы, 750 мл",SYNERGETIC,Шампуни,Beauty
630640932,"Гель для душа Пачули и ароматный бергамот 3,5 л",SYNERGETIC,Гели для душа,Beauty
630650974,"Гель для душа «Карамельное яблоко и ваниль» 3,5 л",SYNERGETIC,Гели для душа,Beauty
630672284,"Дезодорант ""бергамот - зеленый лайм""",SYNERGETIC,Дезодоранты,Beauty
630676071,"Дезодорант ""лемонграсс - эвкалипт""",SYNERGETIC,Дезодоранты,Beauty
630681207,"Дезодорант ""без запаха""",SYNERGETIC,Дезодоранты,Beauty
630688283,"Дезодорант ""лимонный кедр""",SYNERGETIC,Дезодоранты,Beauty
634334304,"Мыло 0,38л Сандал и ягоды можжевельника",SYNERGETIC,Жидкое мыло,Beauty
634368533,"Гель для душа 0,38л Пачули и ароматный бергамот",SYNERGETIC,Гели для душа,Beauty
634374584,"Гель для душа 0,38л Цветущий инжир и лотос",SYNERGETIC,Гели для душа,Beauty
634879763,"Гель для душа 0,38л Карамельное яблоко и ваниль",SYNERGETIC,Гели для душа,Beauty
634885200,"Жидкое мыло ""Полевые цветы"" 0,5л",SYNERGETIC,Жидкое мыло,Beauty
634904925,"Жидкое мыло ""Имбирь и бергамот"" 0,5л",SYNERGETIC,Жидкое мыло,Beauty
634907322,"Жидкое мыло""Мелисса и ромашка"" 0,5л",SYNERGETIC,Жидкое мыло,Beauty
634911961,Мыло 1л Мелисса и ромашка,SYNERGETIC,Жидкое мыло,Beauty
634927098,"Посуда 0,5л Арбуз",SYNERGETIC,Посуда,Clean
634937643,"Посуда 0,5л Алоэ",SYNERGETIC,Посуда,Clean
634957487,"Посуда 0,5л Лимон",SYNERGETIC,Посуда,Clean
635015294,"Ополаскиватель для полости рта - Активная защита (Лайм+Мята), 200мл",SYNERGETIC,Ополаскиватели для рта,Oral
635052614,"Ополаскиватель для полости рта - 7в1 (Манго+Мята), 200мл",SYNERGETIC,Ополаскиватели для рта,Oral
635177302,"Шампунь Максимальное питание и восстановление 0,75л",SYNERGETIC,Шампуни,Beauty
635249378,"Бальзам для посуды 0,5л Розовый грейпфрут и специи",SYNERGETIC,Посуда,Clean
646629499,"Зубная щетка для взрослых Eco dental care, medium, 2 шт. (розовая, голубая)",SYNERGETIC,Зубные щетки,Oral
646638855,"Зубная щетка для взрослых Eco dental care, medium, 2 шт. (фиолетовая, зеленая)",SYNERGETIC,Зубные щетки,Oral
646653851,"Зубная паста детская клубничка и банан, от 3 до 6 лет (желтая), 50г",SYNERGETIC,Зубные пасты,Oral
646660576,"Зубная паста детская клубничка и банан, от 3 до 6 лет (красная), 50г",SYNERGETIC,Зубные пасты,Oral
664771799,"Скраб ""Гвоздика и дикая клюква"" 300 мл",SYNERGETIC,Скрабы,Beauty
665452730,Детская зубная паста апельсиновый джем,SYNERGETIC,Зубные пасты,Oral
665517194,Детская зубная паста Ванильный пломбир,SYNERGETIC,Зубные пасты,Oral
665559777,Зубная паста биоактивный кальций,SYNERGETIC,Зубные пасты,Oral
665586878,Зубная паста защита от кариеса,SYNERGETIC,Зубные пасты,Oral
675988494,Диспенсер для моющих средств REFILL SYNERGETIC 450 мл,SYNERGETIC,Диспенсеры,Beauty
676302617,Шампунь Интенсивное увлажнение и блеск 400 мл,SYNERGETIC,Шампуни,Beauty
706927980,Стиральный порошок 40 стирок,SYNERGETIC,Порошок,Home
706952699,"Средство для посуды детское 3,5л",SYNERGETIC,Посуда,Clean
720790045,Шампунь Максимальное питание и восстановление 400 мл.,SYNERGETIC,Шампуни,Beauty
720414117,Шампунь Объём и укрепление волос 400 мл,SYNERGETIC,Шампуни,Beauty
720412112,"Шампунь ""Экстрамягкий для ежедневного ухода 2в1"" 400 мл",SYNERGETIC,Шампуни,Beauty
720301169,"Шампунь и гель для душа 2 в 1 мужской,400мл",SYNERGETIC,Шампуни,Beauty
714433391,"Подарочный набор ""Идеальный спа-уход""",SYNERGETIC,Бьюти наборы,Beauty
714543396,"Подарочный набор ""Увлажнение и блеск 3 в 1""",SYNERGETIC,Бьюти наборы,Beauty
715065484,"Подарочный набор""Комбо для домашнего SPA""",SYNERGETIC,Бьюти наборы,Beauty
728867529,"Бальзам для волос Интенсивное увлажнение и блеск,400мл",SYNERGETIC,Бальзамы для волос,Beauty
728871749,"Бальзам для волос Максимальное питание и восстановление, 400мл",SYNERGETIC,Бальзамы для волос,Beauty
728878019,"Бальзам для волос Объём и укрепление волос,400мл",SYNERGETIC,Бальзамы для волос,Beauty
728892531,Набор Кокосовый для ухода за волосами и телом,SYNERGETIC,Бьюти наборы,Beauty
728908408,"Набор ""Комбо-набор для рук и тела""",SYNERGETIC,Бьюти наборы,Beauty
743600780,Подарочный набор Ароматы Пачули и бергамота для рук и тела,SYNERGETIC,Бьюти наборы,Beauty
737710471,"Кондиционер ""Магическая орхидея""5л",SYNERGETIC,Кондиционеры,Home
737714214,"Кондиционер ""Бескрайний океан""5л",SYNERGETIC,Кондиционеры,Home
737725294,"Кондиционер ""Реликтовый лес"" 5л",SYNERGETIC,Кондиционеры,Home
737735420,Пилинг Глубокое очищение и тонизирование,SYNERGETIC,Уход за волосами,Beauty
737741030,Сыворотка Тонизирующая для роста волос,SYNERGETIC,Уход за волосами,Beauty
737759704,Соль для ванн магниево-сульфатная,SYNERGETIC,Соль для ванны,Beauty
737770923,Соль для ванн магниево-сульфатная с маслом эвкалипта,SYNERGETIC,Соль для ванны,Beauty
737778393,Соль для ванн,SYNERGETIC,Соль для ванны,Beauty
737781379,Соль для ванн с маслом лаванды,SYNERGETIC,Соль для ванны,Beauty
737805301,Детская зубная щетка мягкая (голубая),SYNERGETIC,Зубные щетки,Oral
737815168,Детская зубная щетка мягкая (розовая),SYNERGETIC,Зубные щетки,Oral
756222062,"""Антижир"" пена 0,5 л",SYNERGETIC,Кухня,Clean
762707624,"Набор экосредств ""Идеальная уборка""",SYNERGETIC,Clean_Наборы,Clean
768902206,"""Объём и укрепление"", шампунь + бальзам",SYNERGETIC,Бьюти наборы,Beauty
768982257,"""Максимальное питание и восстановление"" шампунь + бальзам",SYNERGETIC,Бьюти наборы,Beauty
768984203,"""Интенсивное увлажнение и блеск"" шампунь + бальзам",SYNERGETIC,Бьюти наборы,Beauty
770087740,"Спайка ""Апельсиновый джем"" 3-6 лет, 2 шт.",SYNERGETIC,Зубные пасты,Oral
770155636,"Спайка Ванильный пломбир 3-6 лет, 2 шт.",SYNERGETIC,Зубные пасты,Oral
770173008,"Зубная паста биоактивный кальций, 100 гр.-2шт.",SYNERGETIC,Зубные пасты,Oral
770207885,Зубная паста защита от кариеса 100 гр.-2шт.,SYNERGETIC,Зубные пасты,Oral
783297096,"Набор ""Чистота и блеск"" 6шт.*500мл.",SYNERGETIC,Clean_Наборы,Clean
783759424,Набор для уборки Сияющая поверхность 3шт. * 500мл.,SYNERGETIC,Clean_Наборы,Clean
815290515,Таблетки для ПММ Ultra Power 55 шт,SYNERGETIC,ПММ,Home
815295373,Таблетки для ПММ Ultra Power 100 шт,SYNERGETIC,ПММ,Home
816935645,Шампунь-бальзам Против перхоти 2 в 1 HAIR THERAPY 400мл,SYNERGETIC,Шампуни,Beauty
816950109,Шампунь Себорегулирующий HAIR THERAPY 400мл.,SYNERGETIC,Шампуни,Beauty
817132692,Шампунь Против выпадения волос HAIR THERAPY 400мл.,SYNERGETIC,Шампуни,Beauty
834853464,"Фольга пищевая алюминиевая профессиональная Lomberta, 50 м.",Lomberta,Фольга,Lomberta
834736738,"Бумага для выпечки Lomberta, пергамент в листах, 15 шт",Lomberta,Для выпечки,Lomberta
834736734,"Рукав для запекания Lomberta, герметичный, 3 м",Lomberta,Для выпечки,Lomberta
834736686,"Фольга алюминиевая Lomberta, 10 м, 2 шт.",Lomberta,Фольга,Lomberta
834736690,"Фольга алюминиевая Lomberta, 10м",Lomberta,Фольга,Lomberta
834736693,"Пленка пищевая Lomberta, 20 м",Lomberta,Пленка,Lomberta
834736782,"Бумага для выпечки Lomberta, силиконизированная, 7 м",Lomberta,Для выпечки,Lomberta
834737400,"Бумага для выпечки Lomberta, силиконизированная, 50 м",Lomberta,Для выпечки,Lomberta
834738685,"Губки для мытья посуды Lomberta, крупнопористые 3шт.",Lomberta,Губки,Lomberta
834738681,"Губки для мытья посуды Lomberta, 5 шт.",Lomberta,Губки,Lomberta
834738676,"Губки для мытья посуды интенсив Lomberta, жесткие, 4 шт.",Lomberta,Губки,Lomberta
834740543,"Зубочистки деревянные Lomberta, 200 шт",Lomberta,Зубочистки,Lomberta
834741104,"Пакеты для мусора Lomberta 60 л с затяжкой, прочные, 10 шт.",Lomberta,Пакеты для мусора,Lomberta
834741184,"Пакеты для мусора Lomberta трехслойные 60 л, 10 шт.",Lomberta,Пакеты для мусора,Lomberta
834741101,"Пакеты для мусора Lomberta 60 л, прочное дно, 20 шт.",Lomberta,Пакеты для мусора,Lomberta
834741157,"Пакеты для мусора Lomberta с затяжкой, непрозрачные 10 шт., 120 л",Lomberta,Пакеты для мусора,Lomberta
834741175,"Пакеты для мусора Lomberta, непрозрачные, 5 шт., 240 л",Lomberta,Пакеты для мусора,Lomberta
834741187,"Пакеты для мусора Lomberta 120 л, объемные, для крупного мусора, 10 шт",Lomberta,Пакеты для мусора,Lomberta
834741189,"Пакеты для мусора Lomberta 35 л с затяжками, сверхпрочные, 15 шт.",Lomberta,Пакеты для мусора,Lomberta
834741115,"Пакеты для мусора Lomberta с затяжкой, прочные, 35 л, 15 шт.",Lomberta,Пакеты для мусора,Lomberta
834741108,"Пакеты для мусора Lomberta, с технологией Overlap, 60 л, 10 шт",Lomberta,Пакеты для мусора,Lomberta
834741161,"Пакеты для мусора Lomberta, с технологией Overlap, 35 л, 15 шт",Lomberta,Пакеты для мусора,Lomberta
834741164,"Пакеты для мусора Lomberta с затяжкой, сверхпрочные, 60 л, 10 шт.",Lomberta,Пакеты для мусора,Lomberta
834741422,"Пакеты для заморозки Lomberta, 30 шт.",Lomberta,Пакеты,Lomberta
834741596,"Пакеты для продуктов Lomberta, 100 шт.",Lomberta,Пакеты,Lomberta
834743541,Перчатки хозяйственные Lomberta M,Lomberta,Перчатки,Lomberta
834743545,Перчатки хозяйственные Lomberta S,Lomberta,Перчатки,Lomberta
834744074,"Ролик для чистки Lomberta, 40 листов",Lomberta,Ролики для одежды,Lomberta
835653058,"Жидкое мыло Lomberta Тропический кокос 3,9 л",Lomberta,Мыло,Lomberta
835660209,"Жидкое мыло Lomberta Сицилийская олива 3,9 л",Lomberta,Мыло,Lomberta
835665802,"Жидкое мыло Lomberta Розмарин и мята 3,9 л",Lomberta,Мыло,Lomberta
835820803,"Гель для посуды Lomberta Лимон и базилик 3,9 л",Lomberta,Посуда,Lomberta
835822998,"Гель для посуды Lomberta Алое и мелисса 3,9л",Lomberta,Посуда,Lomberta
835824544,"Гель для посуды Lomberta Шалфей и розмарин 3,9 л",Lomberta,Посуда,Lomberta
836231656,"Кондиционер для белья Lomberta Сицилийская роза 3,9л",Lomberta,Кондиционеры,Lomberta
837832740,"Кондиционер для белья Lomberta Альпийская свежесть 3,9л",Lomberta,Кондиционеры,Lomberta
837834745,"Кондиционе для белья Lomberta Ароматная лаванда 3,9л",Lomberta,Кондиционеры,Lomberta
837839912,"Гель для стирки Lomberta 3,9л. концентрат",Lomberta,Стирка,Lomberta
539879586,"Соль для посудомоечной машины SYNERGETIC 0,75 кг",SYNERGETIC,ПММ,Home
539196852,"Зубная паста активная защита, 100г (Лайм+Мята)",SYNERGETIC,Зубные пасты,Oral
539184182,"Зубная паста деликатное отбеливание, 100г (Малина+Мята)",SYNERGETIC,Зубные пасты,Oral
541364992,"Зубная паста комплекс-формула 7в1, 100г (Манго+Мята)",SYNERGETIC,Зубные пасты,Oral
539137442,"Зубная паста комплексное укрепление, 100г (Ультрамята)",SYNERGETIC,Зубные пасты,Oral
539116290,"Стирка 0,75л Универсальная",SYNERGETIC,Стирка,Home
845215420,"Кондиционер ""Цитрусовая фантазия"" 1,5л, 50 стирок",SYNERGETIC,Кондиционеры,Home
845234899,"Кондиционер""Миндальное молочко"" 1,5л, 50 стирок",SYNERGETIC,Кондиционеры,Home
845241088,"Кондиционер ""Райский сад"" 1,5л, 50 стирок",SYNERGETIC,Кондиционеры,Home
845247722,"Кондиционер ""Аромамагия"" 1,5л, 50 стирок",SYNERGETIC,Кондиционеры,Home
845260640,"Кондиционер""Лавандовое поле"" 1,5л, 50 стирок",SYNERGETIC,Кондиционеры,Home
845287231,"Кондиционер Нежное прикосновение 1,5л, 50 стирок",SYNERGETIC,Кондиционеры,Home
845309047,"Кондиционер ""Магическая орхидея"" 1,5л, 50 стирок",SYNERGETIC,Кондиционеры,Home
845328153,"Кондиционер ""Бескрайний океан"" гипоаллергенный, 1,5л, 50 стирок",SYNERGETIC,Кондиционеры,Home
845333807,"Кондиционер ""Реликтовый лес"" гипоаллергенный, 1,5л, 50 стирок",SYNERGETIC,Кондиционеры,Home
848946684,Коллаген морской с витамином С 1100 мг 60 таблеток,4FRESH,БАД,4FRESH
848947582,Витамины для женщин 60 таблеток,4FRESH,БАД,4FRESH
848959177,Витамины для женщин 90 таблеток,4FRESH,БАД,4FRESH
848971557,Витамины для мужчин 60 таблеток,4FRESH,БАД,4FRESH
849008961,Витамины для мужчин 90 таблеток,4FRESH,БАД,4FRESH
849030851,Витаминный комплекс для волос 60 таблеток,4FRESH,БАД,4FRESH
849061653,Мульти B-комплекс витаминов группы Б 60 таблеток,4FRESH,БАД,4FRESH
849084721,Мульти B-комплекс витаминов группы Б 90 таблеток,4FRESH,БАД,4FRESH
849126917,Пиколинат хрома 200 мкг 60 таблеток,4FRESH,БАД,4FRESH
849133203,Магний цитрат с витамином В6 (магний в6) 60 таблеток,4FRESH,БАД,4FRESH
849149440,Витамин С 500 мг 90 таблеток,4FRESH,БАД,4FRESH
859761983,"Витамин Д 3, D3 2000 ME 90 таблеток",4FRESH,БАД,4FRESH
849168144,"Витамин Д 3, D3 2000 ME 120 таблеток",4FRESH,БАД,4FRESH
858992200,Капсулы COLOR 40 шт,SYNERGETIC,Капсулы,Home
859039497,Капсулы COLOR 60 шт,SYNERGETIC,Капсулы,Home
862383270,Набор для уборки кухни АНТИЖИР,SYNERGETIC,Clean_Наборы,Clean
870226808,Натуральная пенка для интимной гигиены,SYNERGETIC,Интимная гигиена,Beauty
870252422,Натуральный гель для интимной гигиены,SYNERGETIC,Интимная гигиена,Beauty
876637901,Натуральный крем для рук и ногтей питательный,SYNERGETIC,Крем для рук и тела,Beauty
870416682,Натуральный крем для рук защитный,SYNERGETIC,Крем для рук и тела,Beauty
870416579,Натуральный крем-бальзам для рук восстановление и увлажнение,SYNERGETIC,Крем для рук и тела,Beauty
870406818,Натуральный крем для рук увлажняющий,SYNERGETIC,Крем для рук и тела,Beauty
872633012,"Пятновыводитель кислородный, 50 стирок",SYNERGETIC,Пятновыводители,Home
876682029,Натуральный крем для ног смягчающий для сухой и потрескавшейся кожи,SYNERGETIC,Крем для рук и тела,Beauty
876767774,Натуральный крем для ног SPA освежающий и тонизирующий,SYNERGETIC,Крем для рук и тела,Beauty
876848980,"Губки для мытья посуды интенсив 4 шт., 2 упаковки",Lomberta,Губки,Lomberta
876851523,"Губки для посуды ретикулированные крупнопористые, 4 шт.",Lomberta,Губки,Lomberta
876849191,"Губки для мытья посуды крупнопористые, 3 шт., 2 упаковки",Lomberta,Губки,Lomberta
876848947,"Губки для мытья посуды, 3 шт., 2 упаковки",Lomberta,Губки,Lomberta
876849204,"Губки для мытья посуды, 5 шт., 2 упаковки",Lomberta,Губки,Lomberta
876849489,"Губки для мытья посуды, 3 шт.",Lomberta,Губки,Lomberta
876849470,Губки для мытья посуды интенсив 5 шт,Lomberta,Губки,Lomberta
876856680,"Набор пакетов для мусора эластичные с затяжкой 35л, 15 шт, 2 упаковки",Lomberta,Пакеты для мусора,Lomberta
876854508,"Набор пакетов для мусора эластичные с затяжкой 60л, 10 шт, 2 упаковки",Lomberta,Пакеты для мусора,Lomberta
876856639,"Пакеты для мусора, с затяжкой 35л, 30 шт",Lomberta,Пакеты для мусора,Lomberta
0,"Пакеты для мусора 35л, 40 шт",Lomberta,Пакеты для мусора,Lomberta
876856674,"Пакеты для мусора с затяжкой 10 шт., 120 л, 2 упаковки",Lomberta,Пакеты для мусора,Lomberta
876856032,"Пакеты для мусора, 10 шт, 2 упаковки",Lomberta,Пакеты для мусора,Lomberta
876856049,"Пакеты для мусора, с технологией Overlap, 35 л, 30 шт",Lomberta,Пакеты для мусора,Lomberta
876855293,"Пакеты для мусора, белые, устойчивые к разрывам, 30 шт., 60 л",Lomberta,Пакеты для мусора,Lomberta
876856690,"Пакеты для мусора, непрозрачные, с защитой от порезов, 5 шт., 240 л, 2 упаковки",Lomberta,Пакеты для мусора,Lomberta
876856657,"Пакеты для мусора 35 л без затяжек, 50 штук, синий",Lomberta,Пакеты для мусора,Lomberta
876856693,"Пакеты для мусора, 3х слойные 60л, 10 шт, 2 упаковки",Lomberta,Пакеты для мусора,Lomberta
876856663,"Пакеты для мусора 60л, 20 шт, 2 упаковки",Lomberta,Пакеты для мусора,Lomberta
876855961,"Пакеты для мусора 35 л без затяжек, 50 штук, фиолетовый",Lomberta,Пакеты для мусора,Lomberta
876856700,"Пакеты для мусора, с технологией Overlap, 60 л, 20 шт",Lomberta,Пакеты для мусора,Lomberta
0,"Пакеты для мусора 35л, 40 шт",Lomberta,Пакеты для мусора,Lomberta
876856694,"Пакеты для мусора 60 л без затяжек, 50 штук, синий",Lomberta,Пакеты для мусора,Lomberta
876893122,"Пакеты для заморозки, 250 шт.",Lomberta,Пакеты,Lomberta
876894480,"Запасной блок для ролика, 2х50 листов",Lomberta,Ролики для одежды,Lomberta
876894934,"Запасной блок для ролика, 2х50 листов, 2 упаковки",Lomberta,Ролики для одежды,Lomberta
876893853,"Ролик для чистки, 40 листов, 2 шт",Lomberta,Ролики для одежды,Lomberta
876894203,"Салфетки для уборки в рулоне, 70 листов",Lomberta,Салфетки для уборки,Lomberta
876894081,"Салфетки для уборки в рулоне, 70 листов, 2 упаковки",Lomberta,Салфетки для уборки,Lomberta
876894976,"Салфетки для уборки в рулоне, 100 листов",Lomberta,Салфетки для уборки,Lomberta
876894090,"Салфетки для уборки в рулоне, 100 листов 2 упаковки",Lomberta,Салфетки для уборки,Lomberta
876896642,"Пакеты для запекания с завязками, 6 шт",Lomberta,Для выпечки,Lomberta
876896652,"Фольга алюминиевая, 10 м, 14 мкм",Lomberta,Для выпечки,Lomberta
876894215,"Бумага для выпечки, пергамент в листах, 15 шт, 2 упаковки",Lomberta,Для выпечки,Lomberta
876894242,"Бумага для выпечки, силиконизированная, 8 м, 38 см",Lomberta,Для выпечки,Lomberta
876896257,"Рукав для запекания, 3 м, 2 рукава",Lomberta,Для выпечки,Lomberta
876896278,"Рукав для запекания, герметичный, 5 м",Lomberta,Для выпечки,Lomberta
876895606,"Бумага для выпечки, 7 м, 2 шт., крафтовый",Lomberta,Для выпечки,Lomberta
876895614,"Пленка пищевая, 20 м, 2 упак.",Lomberta,Для выпечки,Lomberta
879879840,Реминерализующий гель 35 мл,SYNERGETIC,Гели для зубов,Oral
880293277,Гель для укрепления зубов детский 35 мл,SYNERGETIC,Гели для зубов,Oral
885909138,"Сухой скраб для тела моделирующий, 200гр",SYNERGETIC,Сухие скрабы,Beauty
885929073,"Сухой скраб для тела антицеллюлитный, 200гр",SYNERGETIC,Сухие скрабы,Beauty
885957063,"Сухой скраб для тела тонизирующий, 200гр",SYNERGETIC,Сухие скрабы,Beauty
885967012,"Сухой скраб для тела питательный, 200гр",SYNERGETIC,Сухие скрабы,Beauty
894747539,"Подарочный набор ""Интенсивное увлажнение и блеск""",SYNERGETIC,Бьюти наборы,Beauty
894850851,"Подарочный набор ""Максимальное питание и восстановление""",SYNERGETIC,Бьюти наборы,Beauty
894982768,"Подарочный набор ""Объём и укрепление волос""",SYNERGETIC,Бьюти наборы,Beauty
925350515,Капсулы для стирки SYNERGETIC COLOR (12 штук),SYNERGETIC,Капсулы,Home
925695928,"Набор Зубная щетка (голубая и розовая), набор, 2 шт.",SYNERGETIC,Зубные щетки,Oral
930461439,"Гель для стирки SYNERGETIC ULTRA WHITE, 1,5 л (25 стирок)",SYNERGETIC,Стирка,Home
930465460,"Гель для стирки SYNERGETIC BLACK PROTECT, 1,5 л (25 стирок)",SYNERGETIC,Стирка,Home
930471918,"Гель для стирки ACTIVE FRESH 1,5л 25 стирок",SYNERGETIC,Стирка,Home
931707572,"Средство для мытья сантехники ""Кристальная чистота"", 0,7 л",SYNERGETIC,Сантехника,Clean
931735537,"Средство для мытья сантехники ""Сила океана"", 0,7 л",SYNERGETIC,Сантехника,Clean
931779836,"Гель для стирки DELICATE, 1,5 л (25 стирок)",SYNERGETIC,Стирка,Home
932202121,Гель для купания младенцев 0+ 250 мл,SYNERGETIC,Детская косметика,Baby
932248600,"Детский шампунь-гель для волос и тела 0+ ""без слез"" 250 мл",SYNERGETIC,Детская косметика,Baby
932348703,"Детская пенка для купания 0+, 150 мл",SYNERGETIC,Детская косметика,Baby
935158761,"Детское жидкое мыло 0+, 250 мл",SYNERGETIC,Детская косметика,Baby
955205301,"Кислородный отбеливатель-пятновыводитель для белья 0,9кг",SYNERGETIC,Пятновыводители,Home
982439944,"Шампунь Объем и густота волос HAIR THERAPY, 400 мл",SYNERGETIC,Шампуни,Beauty
982448208,"Шампунь-бальзам SYNERGETIC Увлажние и уход 2 в 1 HAIR THERAPY, 400 мл",SYNERGETIC,Шампуни,Beauty
982461625,"Шампунь SYNERGETIC Укрепление и питание HAIR THERAPY, 400 мл",SYNERGETIC,Шампуни,Beauty
1003890549,"Натуральное детское мыло SYNERGETIC ""Овсяное молочко"", 90 г",SYNERGETIC,Детская косметика,Baby
1012278156,Набор освежитель воздуха Миндаль и яблоневый цвет 380мл-2шт.,SYNERGETIC,Освежители воздуха,Clean
1011675752,"Набор ополаскиватель для посудомоечных машин 0,75л-2шт.",SYNERGETIC,ПММ,Home
1011697662,"Набор-Средство для мытья окон 0,5л.-2шт.",SYNERGETIC,Окна,Clean
1011719445,Набор-Средство биоразлагаемое для мытья посуды алоэ 1л-2шт.,SYNERGETIC,Посуда,Clean
1011755454,"Набор-Средство для мытья сантехники 0,5л триггер-2шт.",SYNERGETIC,Сантехника,Clean
1011781608,"Спайка для мытья посуды с ароматом яблока, 1л-2шт.",SYNERGETIC,Посуда,Clean
1011810990,"Спайка для мытья посуды с ароматом арбуза, 1л-2шт.",SYNERGETIC,Посуда,Clean
1011831037,Спайка Гель для стирки универсальный 1л-2шт.,SYNERGETIC,Стирка,Home
1011904880,"Спайка Гель для стирки для спортивной одежды и мембранных тканей 0,75л-2шт.",SYNERGETIC,Стирка,Home
1015394427,"Бальзам для волос ""Ежедневный уход"" HAIR THERAPY, 360 мл",SYNERGETIC,Бальзамы для волос,Beauty
1015498315,"Бальзам для волос ""Объем и густота волос"" HAIR THERAPY, 360 мл",SYNERGETIC,Бальзамы для волос,Beauty
1015499634,"Бальзам для волос ""Укрепление и питание"" HAIR THERAPY, 360 мл",SYNERGETIC,Бальзамы для волос,Beauty
1015539334,"Гель для стирки UNIVERSAL, 1,5 л (25 стирок)",SYNERGETIC,Стирка,Home
1015957722,"Гель для стирки SYNERGETIC 3 IN 1, 1,5 л (25 стирок)",SYNERGETIC,Стирка,Home
1054433133,"Ополаскиватель ""Интенсивное отбеливание"", 200 мл",SYNERGETIC,Ополаскиватели для рта,Oral
1064350322,"Набор-Средство для мытья посуды с ароматом лимона, 1л-2шт",SYNERGETIC,Посуда,Clean
1064382460,"Набор- средство для чистки труб"" 1л.-2шт",SYNERGETIC,Сантехника,Clean
1064466943,"Набор-Средство для мытья посуды с ароматом апельсина, 1л-2шт",SYNERGETIC,Посуда,Clean
1064483732,"Набор-Кондиционер-ополаскиватель для белья лавандовое поле, 1л.-2шт",SYNERGETIC,Home_Наборы,Home
1065931035,Спайка ПЯТНОВЫВОДИТЕЛЬ СИНЕРГЕТИК (SYNERGETIC) 1л-2шт,SYNERGETIC,Пятновыводители,Home
1065965049,Набор-Освежитель воздуха Пачули и нероли 380мл-2шт,SYNERGETIC,Освежители воздуха,Clean
1066092568,"Спайка-Универсальное чистящее средство Мандарин и лемонграсс 0,5л-2шт",SYNERGETIC,Кухня,Clean
1066104609,Набор-Освежитель воздуха Имбирь и лемонграсс 380мл-2шт,SYNERGETIC,Освежители воздуха,Clean
1066132033,Набор-Отбеливатель,SYNERGETIC,Пятновыводители,Home
1066250718,"Спайка-Гель для душа кокос и масло макадамии, 750 мл",SYNERGETIC,Гели для душа,Beauty
1066277672,"Набор-Дезодорант ""бергамот - зеленый лайм"" 50мл",SYNERGETIC,Дезодоранты,Beauty
1066314919,Спайка-Пилинг для кожи головы 110 мл,SYNERGETIC,Уход за волосами,Beauty
1066340293,"Спайка-Шампунь и гель для душа 2 в 1 мужской 0,75л",SYNERGETIC,Бьюти наборы,Beauty
1066357557,"Спайка-Мыло для рук Карамельное яблоко и ваниль, 0,38л",SYNERGETIC,Жидкое мыло,Beauty
1066512708,Спайка-Гель для душа Карамельное яблоко и ваниль 750 мл,SYNERGETIC,Гели для душа,Beauty
1066529911,Набор-Гель для душа Сандал и ягоды можжевельника 750 мл,SYNERGETIC,Гели для душа,Beauty
1066545684,"Набор-ШампуньМаксимальное питание и восстановление 0,75л",SYNERGETIC,Шампуни,Beauty
1066698323,Набор-Крем для рук Пачули и ароматный бергамот 380мл,SYNERGETIC,Бьюти наборы,Beauty
1066750775,Спайка-Шампунь Балансирующий для мягкого очищения жирной кожи головы 750мл,SYNERGETIC,Шампуни,Beauty
1066774942,Спайка-Гель для душа Пачули и ароматный бергамот 750 мл,SYNERGETIC,Гели для душа,Beauty
1066778313,"Спайка-Шампунь Объём и укрепление волос 0,75л",SYNERGETIC,Шампуни,Beauty
1066793942,"Спайка-Бальзам для волос Максимальное питание и восстановление 0,4л",SYNERGETIC,Бальзамы для волос,Beauty
1075869136,"Гель для стирки цветного белья COLOR, 2,28 л (38 стирок)",SYNERGETIC,Стирка,Home
1075908011,"Гель для стирки всех видов тканей PURE, 2,28 л (38 стирок)",SYNERGETIC,Стирка,Home
1075931563,"Гель для стирки UNIVERSAL ""Бескрайний океан"", 2,28 л (38 стирок)",SYNERGETIC,Стирка,Home
1075944844,"Гель для стирки 3 IN 1 ""Магическая орхидея"", 2,28 л (38 стирок)",SYNERGETIC,Стирка,Home
1076058774,"Кондиционер ""Магическая орхидея"", 2,28 л (76 стирок)",SYNERGETIC,Кондиционеры,Home
1076046428,"Кондиционер ""Бескрайний океан"", 2,28 л (76 стирок)",SYNERGETIC,Кондиционеры,Home
1076165826,"Детское молочко увлажняющее 0+, 250 мл",SYNERGETIC,Детская косметика,Baby
1114680924,"Крем для упругости тела ""Миндальный"", 300 мл",SYNERGETIC,Крем для рук и тела,Beauty
1114678459,"Крем-лифтинг ""Вербена и лемонграсс"", 300 мл",SYNERGETIC,Крем для рук и тела,Beauty
1115088466,"Антицеллюлитный крем ""Красный перец и кофе"", 300 мл",SYNERGETIC,Крем для рук и тела,Beauty
1114866755,"Крем для упругости тела ""Карите и грейпфрут"", 300 мл",SYNERGETIC,Крем для рук и тела,Beauty
1116146269,Спайка Шампунь + Бальзам для волос HAIR THERAPY (Объем и густота волос),SYNERGETIC,Бьюти наборы,Beauty
1118020610,Спайка Шампунь + Бальзам для волос HAIR THERAPY (Укрепление и питание ),SYNERGETIC,Бьюти наборы,Beauty
1118019835,Спайка Шампунь против выпадения волос + Бальзам для волос ежедневный уход HAIR THERAPY,SYNERGETIC,Бьюти наборы,Beauty
1118025845,"Набор Гель для душа + Крем-гель для душа Body Therapy (Масло миндаля и Кокосовое молочко), 2 шт по 380 мл",SYNERGETIC,Гели для душа,Beauty
1118025530,"Набор Гель для душа + Крем-гель для душа Body Therapy (Спелая дыня и Манговый мусс), 2 шт по 380 мл",SYNERGETIC,Гели для душа,Beauty
1118025524,"Набор Гель для душа Body Therapy (Мятная свежесть и Мужской Энергия цитруса), 2 шт по 380 мл",SYNERGETIC,Гели для душа,Beauty
1118025538,"Набор Гель для душа Body Therapy (Мужской Энергия цитруса), 2 шт по 380 мл",SYNERGETIC,Гели для душа,Beauty
1118025544,"Набор Гель для душа Body Therapy (Мужской Энергия цитруса и Чайная роза), 2 шт по 380 мл",SYNERGETIC,Гели для душа,Beauty
1124451216,"Детский крем для ежедневного ухода 0+, 75 мл",SYNERGETIC,Детская косметика,Baby
1158093110,Подарочный набор Увлажнение и уход,SYNERGETIC,Бьюти наборы,Beauty
1158188079,Подарочный набор Объем и густота волос Hair Therapy,SYNERGETIC,Бьюти наборы,Beauty
1158374676,Подарочный набор natural hand&foot care,SYNERGETIC,Бьюти наборы,Beauty
1158383874,Подарочный набор natural hand care,SYNERGETIC,Бьюти наборы,Beauty
1158423682,Подарочный набор Пачули и бергамот гель для душа и мыло для рук,SYNERGETIC,Бьюти наборы,Beauty
1158449936,Подарочный набор Карамельное яблоко и ваниль,SYNERGETIC,Бьюти наборы,Beauty
1164472713,"Детское жидкое мыло 0+, 500 мл",SYNERGETIC,Детская косметика,Baby
1164512649,"Гель для купания младенцев 0+, 500 мл",SYNERGETIC,Детская косметика,Baby
1164527806,"Детский шампунь-гель для волос и тела 0+ ""без слез"", 500 мл",SYNERGETIC,Детская косметика,Baby
1199235254,"Детский крем под подгузник 0+, 75 мл",SYNERGETIC,Детская косметика,Baby
1199276879,Зубная щетка для взрослых жёлтая,SYNERGETIC,Зубные щетки,Oral
1199284910,Зубная щетка для взрослых голубая,SYNERGETIC,Зубные щетки,Oral
1199297757,Зубная щетка для взрослых розовая,SYNERGETIC,Зубные щетки,Oral
1199316062,Зубная щетка для взрослых зелёная,SYNERGETIC,Зубные щетки,Oral
1208821839,"Гель для душа ""Сицилийский лимон и ветивер"", 380 мл",SYNERGETIC,Гели для душа,Beauty
1208905496,"Гель для душа ""Сицилийский лимон и ветивер"", 750 мл",SYNERGETIC,Гели для душа,Beauty
1208965291,"Гель для душа ""Спелая дыня"" BODY THERAPY, 3,5 л",SYNERGETIC,Гели для душа,Beauty
1208989942,"Гель для душа ""Масло миндаля"" BODY THERAPY, 3,5 л",SYNERGETIC,Гели для душа,Beauty
1209050539,"Шампунь-бальзам Увлажнение и уход 2 в 1 HAIR THERAPY, 3,5 л",SYNERGETIC,Шампуни,Beauty
1209075712,"Шампунь Укрепление и питание HAIR THERAPY, 3,5 л",SYNERGETIC,Шампуни,Beauty
1209084979,"Бальзам для волос ""Максимальное питание и восстановление"", 750 мл",SYNERGETIC,Бальзамы для волос,Beauty
1209089830,"Бальзам для волос ""Объём и укрепление волос"", 750 мл",SYNERGETIC,Бальзамы для волос,Beauty
1220069482,"Бальзам для волос ""Интенсивное увлажнение и блеск"", 750 мл",SYNERGETIC,Бальзамы для волос,Beauty
1218831967,"Гель для умывания увлажняющий, 200 мл",SYNERGETIC,Лицо,Beauty
1218851845,"Тоник для лица матирующий, 200 мл",SYNERGETIC,Лицо,Beauty
1219696922,Мицеллярная вода 200 мл,SYNERGETIC,Лицо,Beauty
1220292149,Мицеллярная вода 400 мл,SYNERGETIC,Лицо,Beauty
1219734384,"Пенка для умывания увлажняющая, 150 мл",SYNERGETIC,Лицо,Beauty
1220056931,"Пенка для умывания матирующая, 150 мл",SYNERGETIC,Лицо,Beauty
1220087412,"Гель для умывания матирующий, 200 мл",SYNERGETIC,Лицо,Beauty
1220596280,"Молочко для лица очищающее, 200 мл",SYNERGETIC,Лицо,Beauty
1224720746,"Крем для рук и тела ""Кокос и масло макадамии"", 380 мл",SYNERGETIC,Крем для рук и тела,Beauty
1224731428,"Крем для рук и тела ""Сицилийский лимон и ветивер"", 380 мл",SYNERGETIC,Крем для рук и тела,Beauty
1230740044,"Набор-Зубная паста Утро/Вечер - Защита от кариеса и для чувствительных зубов и десен, 100 г., 2 шт.",SYNERGETIC,Зубные пасты,Oral
1230782935,"Набор-Зубная паста Двойной комплекс защиты - Комплексное укрепление и Комплекс-формула 7в1, 100 г., 2 шт.",SYNERGETIC,Зубные пасты,Oral
1230753426,"Набор-Зубная паста Антитабак и восстановление эмали Природное отбеливание и биоактивный кальций, 100 г., 2 шт.",SYNERGETIC,Зубные пасты,Oral
1231137132,"Набор-Зубная паста Отбеливание и защита интенсивное отбеливание и активная защита, 100 г., 2 шт.",SYNERGETIC,Зубные пасты,Oral
1232965560,"Ополаскиватель для рта активная защита, 200мл,-2шт",SYNERGETIC,Ополаскиватели для рта,Oral
1233061324,"Ополаскиватель для рта интенсивное отбеливание 200мл,-2шт.",SYNERGETIC,Ополаскиватели для рта,Oral
1233070859,"Ополаскиватель для рта комплекс-формула 7 в 1, 200мл,-2шт.",SYNERGETIC,Ополаскиватели для рта,Oral
1237424389,"Тоник для лица увлажняющий, 200 мл",SYNERGETIC,Лицо,Beauty
726991029,Гель для стирки белья универсальный SYNERGETIC 5 л 165 стирок,SYNERGETIC,Стирка,Home
723073304,Гель для стирки 2в1 SYNERGETIC c пятновыводителем 5л 165 стирок,SYNERGETIC,Стирка,Home
723142490,"Гель для стирки белого белья 0,75л, 25 стирок",SYNERGETIC,Стирка,Home
723188526,Гель для стирки белья универсальный SYNERGETIC 1 л 33 стирки,SYNERGETIC,Стирка,Home
726990464,"Гель для стирки белья универсальный SYNERGETIC 2,75 л 90 стирок",SYNERGETIC,Стирка,Home
723205431,"Гель для стирки спортивной одежды 0,75л 25 стирок",SYNERGETIC,Стирка,Home
723197677,"Кондиционер ""Помело и яблоневый цвет"" 0,75л, 25 стирок",SYNERGETIC,Кондиционеры,Home
723033078,"Гель для стирки универсальный SYNERGETIC,0,75 л",SYNERGETIC,Стирка,Home
727139897,Гель для стирки детского белья 5л,SYNERGETIC,Стирка,Home
723496612,"Гель для стирки белого белья 2,75л, 90 стирок",SYNERGETIC,Стирка,Home
722348850,"Гель для стирки цветного белья 2,75л 90 стирок",SYNERGETIC,Стирка,Home
723205572,"Гель для стирки детского белья 2,75 л 90 стирок",SYNERGETIC,Стирка,Home
723199033,"Кондиционер - ополаскиватель для стирки белья Цветочная фантазия 5л, 165 стирок",SYNERGETIC,Кондиционеры,Home
722838743,"Бальзам-кондиционер для стирки белья Помело и яблоневый цвет 3,75 л 125 стирок",SYNERGETIC,Кондиционеры,Home
723411313,"Бальзам-кондиционер для стирки белья Иланг-иланг и вишня 3,75л 125 стирок",SYNERGETIC,Кондиционеры,Home
723145731,"Кондиционер - ополаскиватель для стирки белья Миндальное молочко 2,75л 90 стирок",SYNERGETIC,Кондиционеры,Home
722059322,"Кондиционер-ополаскиватель для стирки белья Аромамагия 2,75л 90 стирок",SYNERGETIC,Кондиционеры,Home
722034400,"Кондиционер-ополаскиватель для стирки белья Райский сад 2,75л 90 стирок",SYNERGETIC,Кондиционеры,Home
723409374,Кондиционер - ополаскиватель для стирки белья Райский сад 5л 165 стирок,SYNERGETIC,Кондиционеры,Home
722380088,"Кондиционер - ополаскиватель для стирки белья Цветочная фантазия 2,75л 90 стирок",SYNERGETIC,Кондиционеры,Home
722096392,Кондиционер-ополаскиватель Миндальное молочко 1л 33 стирки,SYNERGETIC,Кондиционеры,Home
723411258,"Кондиционер - ополаскиватель для стирки белья Цитрусовая фантазия 2,75л 90 стирок",SYNERGETIC,Кондиционеры,Home
722293406,Кондиционер - ополаскиватель для стирки детского белья 5л 165 стирок,SYNERGETIC,Кондиционеры,Home
722267986,"Кондиционер - ополаскиватель для стирки белья ""Утренняя роса"" 2,75л 90 стирок",SYNERGETIC,Кондиционеры,Home
722266456,Кондиционер-ополаскиватель для стирки белья Цитрусовая фантазия 5 л 165 стирок,SYNERGETIC,Кондиционеры,Home
722095702,Кондиционер для белья детский 1л 33 стирки,SYNERGETIC,Кондиционеры,Home
723250480,"Бальзам - кондиционер Нежный ирис и гранат 3,75л 125 стирок",SYNERGETIC,Кондиционеры,Home
723248941,Кондиционер - ополаскиватель для стирки белья Лавандовое поле 5л 165 стирок,SYNERGETIC,Кондиционеры,Home
723199749,"Кондиционер - ополаскиватель для стирки белья Аромамагия 5л, 165 стирок",SYNERGETIC,Кондиционеры,Home
723486248,"Кондиционер-ополаскиватель для стирки детского белья 2,75л 90 стирок",SYNERGETIC,Кондиционеры,Home
722267909,"Кондиционер - ополаскиватель для стирки белья Миндальное молочко 5л, 165 стирок",SYNERGETIC,Кондиционеры,Home
723410568,"Кондиционер - ополаскиватель ""Цветущий апельсин и роза"" 0,75л, 25 стирок",SYNERGETIC,Кондиционеры,Home
722049563,"Кондиционер - ополаскиватель для стирки белья Лавандовое поле 2,75л 90 стирок",SYNERGETIC,Кондиционеры,Home
721835636,Пятновыводитель для белья 1л,SYNERGETIC,Стирка,Home
722348846,Отбеливатель для белья кислородный 1л,SYNERGETIC,Пятновыводители,Home
721847022,"Гель для душа ""Пачули и ароматный бергамот"" увлажняющий, натуральный, 380мл",SYNERGETIC,Гели для душа,Beauty
721848675,"Гель для душа ""Сандал и ягоды можжевельника"" увлажняющий, натуральный, 380мл",SYNERGETIC,Гели для душа,Beauty
721853022,"Гель для душа ""Цветущий инжир и лотос"" увлажняющий, натуральный, 380мл",SYNERGETIC,Гели для душа,Beauty
721852985,"Гель для душа ""Карамельное яблоко и ваниль"" увлажняющий, натуральный, 380мл",SYNERGETIC,Гели для душа,Beauty
722087233,"Средство для чистки сантехники ""Чайное дерево и эвкалипт"" 0,7л",SYNERGETIC,Сантехника,Clean
722086166,"Средство для чистки сантехники 0,5л",SYNERGETIC,Сантехника,Clean
722103433,"Средство для чистки сантехники ""Грейпфрут и апельсин"" 0,7л",SYNERGETIC,Сантехника,Clean
722085650,Средство для чистки сантехники 1л,SYNERGETIC,Сантехника,Clean
722020307,"Жидкое мыло ""Лемонграсс и мята"" антибактериальное 3,5л (литра)",SYNERGETIC,Жидкое мыло,Beauty
722019918,"Жидкое мыло для рук ""Цветущий инжир и лотос"" 380мл",SYNERGETIC,Жидкое мыло,Beauty
722020316,"Жидкое мыло ""Миндальное молочко"" 5л",SYNERGETIC,Жидкое мыло,Beauty
722255023,"Жидкое мыло ""Фруктовый микс""0,5л",SYNERGETIC,Жидкое мыло,Beauty
723204758,"Жидкое мыло ""Аромамагия"" 0,5л",SYNERGETIC,Жидкое мыло,Beauty
722020810,"Жидкое мыло ""Луговые травы"" 0,5л",SYNERGETIC,Жидкое мыло,Beauty
722020289,"Жидкое мыло ""Лемонграсс и мята"" 1л",SYNERGETIC,Жидкое мыло,Beauty
722021173,"Жидкое мыло для рук и тела ""Сандал и ягоды можжевельника"" 380мл",SYNERGETIC,Жидкое мыло,Beauty
722021191,"Жидкое мыло ""Мелисса и ромашка"" 3,5л (литра)",SYNERGETIC,Жидкое мыло,Beauty
722254413,"Жидкое мыло ""Фруктовый микс"" 5л",SYNERGETIC,Жидкое мыло,Beauty
722020813,"Жидкое мыло ""Имбирь и бергамот"" 3,5л (литра)",SYNERGETIC,Жидкое мыло,Beauty
722020299,"Жидкое мыло для рук и тела""Карамельное яблоко и ваниль"" 380мл",SYNERGETIC,Жидкое мыло,Beauty
721974679,"Зубная паста Комплекс-формула 7в1 ""МАНГО + МЯТА"" 100г",SYNERGETIC,Зубные пасты,Oral
721959541,"Зубная паста Комплексное укрепление ""УЛЬТРАМЯТА"" 100г",SYNERGETIC,Зубные пасты,Oral
721959552,Детская зубная паста 50 г,SYNERGETIC,Зубные пасты,Oral
721974682,"Зубная паста Активная защита ""ЛАЙМ + МЯТА"" 100г",SYNERGETIC,Зубные пасты,Oral
721975226,"Зубная паста отбеливающая Природное отбеливание ""УГОЛЬ + МЯТА"" 100г",SYNERGETIC,Зубные пасты,Oral
721975627,"Зубная паста Для чувствительных зубов и дёсен ""ЯГОДЫ + МЯТА"" 100г",SYNERGETIC,Зубные пасты,Oral
721978964,"Зубная паста отбеливающая ""КОКОС + МЯТА"" 100г",SYNERGETIC,Зубные пасты,Oral
722253419,"Средство для мытья посуды SYNERGETIC Сочный арбуз 0,5 л",SYNERGETIC,Посуда,Clean
722254942,Средство для мытья посуды Сочный лимон 1 л,SYNERGETIC,Посуда,Clean
722003730,"Средство для мытья детской посуды 0,5 л",SYNERGETIC,Посуда,Clean
722040174,Средство для мытья посуды с ароматом АРБУЗА 5л,SYNERGETIC,Посуда,Clean
722251350,Средство для мытья посуды АЛОЭ 5л,SYNERGETIC,Посуда,Clean
723124922,Гель для мытья посуды SYNERGETIC Сочный апельсин 1 л,SYNERGETIC,Посуда,Clean
722251457,Средство для мытья посуды SYNERGETIC Сочный арбуз 1 л,SYNERGETIC,Посуда,Clean
722102768,"Средство для мытья посуды SYNERGETIC Сочный лимон 0,5л",SYNERGETIC,Посуда,Clean
722094494,"Гель Synergetic Refill ""Лимон"" для мытья посуды 1 л",SYNERGETIC,Посуда,Clean
723182450,Средство для мытья посуды SYNERGETIC Алоэ вера 1 л,SYNERGETIC,Посуда,Clean
722269252,"Средство для мытья посуды с ароматом лимона, 5л",SYNERGETIC,Посуда,Clean
722055563,"Средство для мытья посуды SYNERGETIC Алоэ вера 0,5 л",SYNERGETIC,Посуда,Clean
722049586,Набор таблетки для посудомоечной машины SYNERGETIC 100 шт,SYNERGETIC,ПММ,Home
722162311,Набор чистящих средств SYNERGETIC Чистый дом + ПОДАРОК,SYNERGETIC,Clean_Наборы,Clean
722000275,"Соль для посудомоечной машины SYNERGETIC 0,75 кг",SYNERGETIC,ПММ,Home
722036626,"Ополаскиватель для посудомоечной машины 0,75л",SYNERGETIC,ПММ,Home
722102944,"Таблетки для посудомоечной машины 110 шт, набор 2х55 шт",SYNERGETIC,ПММ,Home
722102609,"Соль для посудомоечной машины SYNERGETIC 1,5 кг",SYNERGETIC,ПММ,Home
722097718,Набор таблетки для посудомоечной машины SYNERGETIC 55 шт,SYNERGETIC,ПММ,Home
722046643,Таблетки для посудомоечной машины SYNERGETIC 25 шт,SYNERGETIC,ПММ,Home
722340892,"Бальзам для всех типов волос""Интенсивное увлажнение и блеск"" натуральный, 250мл",SYNERGETIC,Бальзамы для волос,Beauty
722355669,"Бальзам для окрашенных волос ""Максимальное питание и восстановление"", 250мл",SYNERGETIC,Бальзамы для волос,Beauty
722344410,"Бальзам для истонченных волос ""Объём и укрепление волос"" 250мл",SYNERGETIC,Бальзамы для волос,Beauty
722741405,"Гель для душа ""Цветущий инжир и лотос"" 750мл",SYNERGETIC,Гели для душа,Beauty
722357867,"Гель для душа ""Кокос и масло макадамии"" 750мл",SYNERGETIC,Гели для душа,Beauty
723282758,"Гель для душа ""Карамельное яблоко и ваниль"" увлажняющий, 750мл",SYNERGETIC,Гели для душа,Beauty
723540180,"Гель для душа SYNERGETIC ""Кокос и масло макадамии"" 380мл",SYNERGETIC,Гели для душа,Beauty
723234472,"Гель для душа ""Кумкват и чувственное нероли"" 750мл",SYNERGETIC,Гели для душа,Beauty
722354109,"Гель для душа SYNERGETIC ""Кофе и зеленый лайм"" 380мл",SYNERGETIC,Гели для душа,Beauty
722350694,"Гель для душа ""Кумкват и чувственное нероли"" 380мл",SYNERGETIC,Гели для душа,Beauty
722375009,"Натуральное туалетное мыло морская соль и водоросли, 90 г. твердое, кусковое",SYNERGETIC,Кусковое мыло,Beauty
722375005,"Натуральное туалетное мыло ""Масло мяты и апельсин"",90 г. твердое, кусковое",SYNERGETIC,Кусковое мыло,Beauty
722376735,"Натуральное туалетное мыло эвкалипт и шалфей, 90 г. твердое , кусковое",SYNERGETIC,Кусковое мыло,Beauty
722374745,"Натуральное туалетное мыло розмарин и имбирь, 90 г. твердое, кусковое",SYNERGETIC,Кусковое мыло,Beauty
723024504,Набор стиральный порошок 100 стирок,SYNERGETIC,Порошок,Home
723022604,Набор стиральный порошок 50 стирок,SYNERGETIC,Порошок,Home
723117606,Подгузники-трусики Pure&Nature размер 4 / MAXI (7-12 кг) 44шт.,SYNERGETIC,Подгузники,Baby
723781042,Подгузники-трусики Pure&Nature размер 6 / XL (14+ кг) 36шт.,SYNERGETIC,Подгузники,Baby
723257456,Подгузники-трусики размер 5 / JUNIOR (9-14 кг) 40шт.,SYNERGETIC,Подгузники,Baby
722733951,Подгузники Pure&Nature размер 4 / MAXI (7-18 кг) 42шт.,SYNERGETIC,Подгузники,Baby
726413630,Детские подгузники Pure&Nature размер 2 / MINI (3-6 кг) 50шт.,SYNERGETIC,Подгузники,Baby
723332382,"Скраб для тела тонус и упругость ""Кофе и зеленый лайм"" 300 мл",SYNERGETIC,Скрабы,Beauty
722745840,"Скраб для тела увлажнение и моделирование ""Гвоздика и дикая клюква"" 300 мл",SYNERGETIC,Скрабы,Beauty
723213423,"Скраб для тела антицеллюлитный ""Пачули и ароматный бергамот"",300 мл",SYNERGETIC,Скрабы,Beauty
723217039,"Скраб для тела эластичность и сияние кожи ""Сандал и ягоды можжевельника"" 300 мл",SYNERGETIC,Скрабы,Beauty
723419927,"Скраб для тела подтягивающий ""Цветущий инжир и лотос"" 300 мл",SYNERGETIC,Скрабы,Beauty
723210738,"Скраб для тела глубокое очищение и питание ""Карамельное яблоко и ваниль"" 300 мл",SYNERGETIC,Скрабы,Beauty
722562442,"Шампунь для окрашенных волос ""Максимальное питание и восстановление"" 250мл",SYNERGETIC,Шампуни,Beauty
722559011,"Шампунь и гель для душа 2в1 для мужчин ""Энергия и сила"" 250мл",SYNERGETIC,Шампуни,Beauty
722618699,"Средство для пола ""Хвойная свежесть"" 750мл",SYNERGETIC,Пол,Clean
726412966,"Средство для мытья пола ""Горная лаванда"" 750мл",SYNERGETIC,Пол,Clean
722585873,"Средство для мытья пола""Аромамагия"" 750мл",SYNERGETIC,Пол,Clean
723522171,Средство для мытья пола и поверхностей универсальное 5л,SYNERGETIC,Пол,Clean
723245843,"Жидкое мыло ""Лаванда"" 5л",SYNERGETIC,Жидкое мыло,Beauty
723251299,"Жидкое мыло ""Луговые травы"" 5 л (литров)",SYNERGETIC,Жидкое мыло,Beauty
724513898,"Пакеты для мусора Lomberta с затяжкой, прочные, 35 л, 15 шт.",Lomberta,Пакеты для мусора,Lomberta
723788116,"Средство для чистки плит и духовок от жира и нагара, 0,5л",SYNERGETIC,Кухня,Clean
723802685,"Средство для стекол 0,5л",SYNERGETIC,Окна,Clean
723675305,"Пакеты для мусора Lomberta, с технологией Overlap, 60 л, 10 шт",Lomberta,Пакеты для мусора,Lomberta
723765759,"Пакеты для мусора Lomberta, с технологией Overlap, 35 л, 15 шт",Lomberta,Пакеты для мусора,Lomberta
723741632,"Пакеты для мусора Lomberta 60 л с затяжкой, прочные, 10 шт.",Lomberta,Пакеты для мусора,Lomberta
723704797,"Гель для мытья посуды Сочный лимон антибактериальный, REFILL PACK (запасной блок), 500мл",SYNERGETIC,Посуда,Clean
723814709,"Гель для мытья посуды Алоэ вера антибактериальный, REFILL PACK (запасной блок), 1000мл",SYNERGETIC,Посуда,Clean
723913786,"Губки для мытья посуды интенсив, жесткие, 4 шт.",Lomberta,Губки,Lomberta
723750125,"Губки для мытья посуды, крупнопористые 3шт.",Lomberta,Губки,Lomberta
723732557,Жидкое мыло Мелисса и ромашка REFILL PACK 1000мл,SYNERGETIC,Жидкое мыло,Beauty
723728322,"Жидкое мыло Миндальное молочко увлажняющее REFILL PACK (запасной блок), 500мл",SYNERGETIC,Губки,Lomberta
723766728,Бумага для выпечки 15 шт,Lomberta,Для выпечки,Lomberta
723803233,"Набор Эко-стирка+подарок гель для стирки 3шт, кондиционер 2 шт, отбеливатель, мыло",SYNERGETIC,Home_Наборы,Home
723967211,"Пакеты для продуктов Lomberta, 100 шт.",Lomberta,Пакеты,Lomberta
724006629,"Стиральный порошок универсальный суперконцентрат, 4 стирки",SYNERGETIC,Порошок,Home
723943592,Подарочный набор Кокос и масло макадамии,SYNERGETIC,Бьюти наборы,Beauty
723943941,Влажные салфетки Pure&Nature Алоэ вера 60 шт.,SYNERGETIC,Влажные салфетки,Baby
723846702,"Натуральный дезодорант ""бергамот - зеленый лайм""",SYNERGETIC,Дезодоранты,Beauty
724208214,"Гель для стирки REFILL PACK (запасной блок), 1000мл, 33 стирки",SYNERGETIC,Стирка,Home
724023786,"Кондиционер для белья ""Лавандовое поле"" REFILL PACK (запасной блок), 1000мл, 33 стирки",SYNERGETIC,Кондиционеры,Home
724085610,"Кондиционер для белья ""Райский сад"" REFILL PACK (запасной блок), 1000мл, 33 стирки",SYNERGETIC,Кондиционеры,Home
724022085,"Гель для душа ""Пачули и ароматный бергамот"" 3,5 л",SYNERGETIC,Гели для душа,Beauty
724024775,"Гель для душа ""Карамельное яблоко и ваниль"" 3,5 л",SYNERGETIC,Гели для душа,Beauty
725849610,"Гель для душа ""Сандал и ягоды можжевельника"" 750мл",SYNERGETIC,Гели для душа,Beauty
724023943,"Гель для душа ""Пачули и ароматный бергамот"" 750мл",SYNERGETIC,Гели для душа,Beauty
728244561,Средство от засоров труб 1л,SYNERGETIC,Сантехника,Clean
728990103,"Подарочный набор для ухода за телом Питание и увлажнение, 2 шт. крем 380мл., гель для душа 380мл.",SYNERGETIC,Бьюти наборы,Beauty
729115801,"Подарочный набор для ухода за волосами Увлажнение и блеск 3 в 1, 3 шт.",SYNERGETIC,Бьюти наборы,Beauty
1101020399,Подарочный набор Комбо для домашнего SPA,SYNERGETIC,Бьюти наборы,Beauty
729032206,"Подарочный набор Идеальный спа,5 шт. Шампунь, бальзам, маска, гель для душа, скраб",SYNERGETIC,Бьюти наборы,Beauty
728990106,"Набор Полная коллекция ароматов, гели для душа 5 шт. по 380 мл",SYNERGETIC,Бьюти наборы,Beauty
737567515,"Пакеты для заморозки Lomberta, 30 шт.",Lomberta,Пакеты,Lomberta
761903979,"Шампунь максимальное питание и восстановление 3,5 л",SYNERGETIC,Шампуни,Beauty
761903978,"Шампунь Интенсивное увлажнение и блеск 3,5 л",SYNERGETIC,Шампунь,Beauty
761905995,"Шампунь ""Объём и укрепление"" натуральный, бессульфатный, 750мл",SYNERGETIC,Шампуни,Beauty
762037858,"Мыло ""Морская соль и водоросли "" 4*90гр. твердое, кусковое",SYNERGETIC,Кусковое мыло,Beauty
762038006,"Мыло Synergetic ""Ассорти"" 4*90гр. твердое, кусковое",SYNERGETIC,Кусковое мыло,Beauty
762038011,"Мыло "" Масло мяты и апельсин"" 4*90гр. твердое, кусковое",SYNERGETIC,Кусковое мыло,Beauty
762036914,"Мыло Эвкалипт и шалфей 4*90гр. твердое, кусковое",SYNERGETIC,Кусковое мыло,Beauty
762312440,Крем Пачули и ароматный бергамот 380 мл,SYNERGETIC,Крем для рук и тела,Beauty
762312388,Крем Сандал и ягоды можжевельника 380 мл,SYNERGETIC,Крем для рук и тела,Beauty
762312387,Крем Карамельное яблоко и ваниль 380 мл,SYNERGETIC,Крем для рук и тела,Beauty
762566956,"Жидкое мыло ""Полевые цветы"" 5л (литров)",SYNERGETIC,Жидкое мыло,Beauty
762566832,"Крем-мыло ""Кокосовое молочко"" 3,5л (литра)",SYNERGETIC,Жидкое мыло,Beauty
765797824,Набор таблетки для посудомоечной машины 300шт,SYNERGETIC,ПММ,Home
765834674,Средство для чистки сантехники для ванной и туалета 5л,SYNERGETIC,Сантехника,Clean
765872922,Средство от засоров труб 5л,SYNERGETIC,Сантехника,Clean
765877724,"Средство для мытья пола ""Горная лаванда"" 5л",SYNERGETIC,Сантехника,Clean
815383153,Набор таблетки для посудомоечной машины Ultra Power 100 шт,SYNERGETIC,ПММ,Home
815387644,Набор таблеток для посудомоечной машины Ultra Power 55 шт,SYNERGETIC,ПММ,Home
903225851,Средство для мытья стекол 5л,SYNERGETIC,Окна,Clean
902932778,"Набор 100 эко-стирок стиральный порошок 2х50шт, кондиционер для белья 3х1л от 0+,",SYNERGETIC,Home_Наборы,Home
904112754,"Подарочный набор косметического мыла: полная коллекция ароматов, 380 мл*5 шт.",SYNERGETIC,Бьюти наборы,Beauty
904138995,"Подарочный набор для рук и тела: мыло и гель Гвоздика и дикая клюква + мыло Сандал и ягоды можжевельника, 380 мл*3 шт.",SYNERGETIC,Бьюти наборы,Beauty
907469126,Набор для стирки Гель 2в1 с пятновыводителем 5л + кондиционер Магическая орхидея 5л + ПОДАРОК,SYNERGETIC,Home_Наборы,Home
907480467,Набор для стирки Гель 2в1 с пятновыводителем 5л + кондиционер Бескрайний океан 5л + ПОДАРОК,SYNERGETIC,Home_Наборы,Home
907628886,Набор для стирки Гель 2в1 с пятновыводителем 5л + кондиционер Реликтовый лес 5л + ПОДАРОК,SYNERGETIC,Home_Наборы,Home
907639904,Набор для стирки Гель универсальный 5л + кондиционер Лавандовое поле 5л + ПОДАРОК,SYNERGETIC,Home_Наборы,Home
907656696,Набор для стирки Гель универсальный 5л + кондиционер Миндальное молочко 5л + ПОДАРОК,SYNERGETIC,Home_Наборы,Home
910791244,"Набор гель для стирки универсальный 5л+5л, 330 стирок",SYNERGETIC,Home_Наборы,Home
910845966,"Набор гель для стирки детского белья 5л+5л, 330 стирок",SYNERGETIC,Home_Наборы,Home
910934145,"Набор Гель для стирки SYNERGETIC 2в1 с пятновыводителем 5л+5л, 330 стирок",SYNERGETIC,Home_Наборы,Home
910963208,"Набор Кондиционер-ополаскиватель для детского белья 0+ нежное прикосновение, 2х5л, 330 стирок",SYNERGETIC,Home_Наборы,Home
911085673,"Набор Кондиционер-ополаскиватель для белья Аромамагия 2х5л, 330 стирок",SYNERGETIC,Home_Наборы,Home
911087603,"Набор Кондиционер-ополаскиватель для белья Лавандовое поле, 2х5л, 330 стирок",SYNERGETIC,Home_Наборы,Home
911163309,"Набор Кондиционер-ополаскиватель для белья Утренняя роса, 5л.",SYNERGETIC,Home_Наборы,Home
911212682,"Набор Кондиционер-ополаскиватель для белья Миндальное молочко 2х5л, 330 стирок",SYNERGETIC,Home_Наборы,Home
912271938,"Набор Кондиционер-ополаскиватель для белья Райский сад 2х5л, 330 стирок",SYNERGETIC,Home_Наборы,Home
912296361,"Набор Кондиционер-ополаскиватель для белья Цитрусовая фантазия 2х5л, 330 стирок",SYNERGETIC,Home_Наборы,Home
912325049,"Набор Кондиционер-ополаскиватель для белья Магическая орхидея 2х5л, 330 стирок",SYNERGETIC,Home_Наборы,Home
912336310,"Набор Кондиционер-ополаскиватель для белья Бескрайний океан 2х5л, 330 стирок",SYNERGETIC,Home_Наборы,Home
912402427,"Набор Кондиционер-ополаскиватель для белья Реликтовый лес 2х5л, 330 стирок",SYNERGETIC,Home_Наборы,Home
912459438,"Средство для мытья посуды, детских игрушек с ароматом алоэ, набор 5+5 л",SYNERGETIC,Clean_Наборы,Clean
912462055,"Набор Средство биоразлагаемое для мытья посуды с ароматом арбуза, 5л",SYNERGETIC,Clean_Наборы,Clean
912481856,"Набор Средство биоразлагаемое для мытья посуды с ароматом лимона, 5л",SYNERGETIC,Clean_Наборы,Clean
912501794,"Набор Средство биоразлагаемое для мытья посуды с ароматом яблока, 5л",SYNERGETIC,Clean_Наборы,Clean
912538975,"Набор средство универсальное моющее для пола, стен, поверхностей"" 5л.",SYNERGETIC,Clean_Наборы,Clean
912555401,Набор Средство чистящее для устранения засоров 5л.,SYNERGETIC,Clean_Наборы,Clean
912860036,"Набор Средство для мытья посуды с ароматом апельсина, 5л",SYNERGETIC,Clean_Наборы,Clean
916507995,"Набор Биоразлагаемое средство для мытья поверхностей ""Горная лаванда"" 5л",SYNERGETIC,Clean_Наборы,Clean
912923832,"Набор Биоразлагаемый кондиционер-ополаскиватель для белья утренняя роса, 2,75л.",SYNERGETIC,Clean_Наборы,Clean
912940926,"Набор Средстводля мытья сантехники ""для мытья сантехники Лаванда и шалфей"" 5л.",SYNERGETIC,Clean_Наборы,Clean
912966498,Набор Биоразлагаемое средство для удаления жира и нагара 5л.,SYNERGETIC,Clean_Наборы,Clean
913011893,"Набор Средство кислотное ""для мытья сантехники"" 5л.",SYNERGETIC,Clean_Наборы,Clean
913295086,"Набор Средство для мытья стекол, зеркал и бытовой техники 5л.",SYNERGETIC,Clean_Наборы,Clean
913051542,"Набор Средство для мытья сантехники 5 в 1, 5л",SYNERGETIC,Clean_Наборы,Clean
913102592,"Набор Средство для мытья поверхностей ""Нежная чистота"" 5л",SYNERGETIC,Clean_Наборы,Clean
913101310,"Набор Средство для мытья поверхностей ""Цитрусовая свежесть"" 5л",SYNERGETIC,Clean_Наборы,Clean
913123419,"Набор мыло для рук и тела Аромамагия, 2 шт. Жидкое мыло, 5л + 5л",SYNERGETIC,Бьюти наборы,Beauty
913148478,"Набор мыло для рук и тела Лаванда, 2 шт. Жидкое мыло, 5л + 5л",SYNERGETIC,Бьюти наборы,Beauty
913185611,"Набор мыло для рук и тела Миндальное молочко 2 шт. Жидкое мыло, 5л + 5л",SYNERGETIC,Бьюти наборы,Beauty
913185674,"Набор мыло для рук и тела Полевые цветы, 2 шт. Жидкое мыло, 5л + 5л",SYNERGETIC,Бьюти наборы,Beauty
914048556,"Набор мыло для рук и тела Фруктовый микс, 2 шт. Жидкое мыло, 5л + 5л",SYNERGETIC,Бьюти наборы,Beauty
914045124,"Набор Мыло жидкое Лемонграсс и мята 3,5л",SYNERGETIC,Бьюти наборы,Beauty
914066906,"Набор Мыло жидкое Имбирь и бергамот 3,5л",SYNERGETIC,Бьюти наборы,Beauty
914079183,"Набор Мыло жидкое Мелисса и ромашка 3,5л",SYNERGETIC,Бьюти наборы,Beauty
914090261,"Набор Крем-мыло Кокосовое молочко 3,5л",SYNERGETIC,Бьюти наборы,Beauty
914179652,"Набор мыло для рук и тела SYNERGETIC Луговые травы, 2 шт. Жидкое мыло, 5л + 5л",SYNERGETIC,Бьюти наборы,Beauty
914192662,"Набор Натуральный бессульфатный шампунь Интенсивное увлажнение и блеск, 3,5л",SYNERGETIC,Бьюти наборы,Beauty
914274236,"Набор Натуральный бессульфатный шампунь Максимальное питание и восстановление, 3,5л",SYNERGETIC,Бьюти наборы,Beauty
914246899,"Набор Натуральный биоразлагаемый гель для душа Пачули и ароматный бергамот 3,5л",SYNERGETIC,Бьюти наборы,Beauty
914288323,"Набор Натуральный биоразлагаемый гель для душа Карамельное яблоко и ваниль 3,5л",SYNERGETIC,Бьюти наборы,Beauty
914310707,"Набор гель для стирки 2в1 3,75л",SYNERGETIC,Home_Наборы,Home
914360846,"Набор кондиционер-ополаскиватель Аромамагия 2х2,75л, 180 стирок",SYNERGETIC,Home_Наборы,Home
914402213,"Набор Биоразлагаемый кондиционер-ополаскиватель : миндальное молочко, 2,75л.",SYNERGETIC,Home_Наборы,Home
914542839,"Набор кондиционер-ополаскиватель для детского белья: нежное прикосновение, 2,75л.",SYNERGETIC,Home_Наборы,Home
914568504,"Набор Биоразлагаемый кондиционер-ополаскиватель лавандовое поле, 2,75л.",SYNERGETIC,Home_Наборы,Home
914626147,"Набор Биоразлагаемый кондиционер-ополаскиватель райский сад, 2,75л.",SYNERGETIC,Home_Наборы,Home
914657426,"Набор гель для стирки цветного белья SYNERGETIC 2,75л х 2 шт, 180 стирок, 5,5л",SYNERGETIC,Home_Наборы,Home
914695563,"Набор гель для стирки универсальный SYNERGETIC 2,75л х 2шт, 180 стирок, 5,5л",SYNERGETIC,Home_Наборы,Home
914748431,"Набор гель для стирки детского белья SYNERGETIC 2х2,75л, 180 стирок, 5,5л.",SYNERGETIC,Home_Наборы,Home
920707595,Набор капсулы для стирки SYNERGETIC COLOR 240 шт (4х60шт),SYNERGETIC,Home_Наборы,Home
914890976,"Набор Соль для ванн магниево-сульфатная, натуральная, 6 шт. по 1000гр",SYNERGETIC,Бьюти наборы,Beauty
914900575,"Набор Соль для ванн магниево-сульфатная с маслом эвкалипта, натуральная, 6 шт. по 1000гр",SYNERGETIC,Бьюти наборы,Beauty
916111122,"Набор Соль для ванн, натуральная, 6 шт. по 1000гр",SYNERGETIC,Бьюти наборы,Beauty
914929118,"Набор Соль для ванн с маслом лаванды, натуральная, 6 шт. по 1000гр",SYNERGETIC,Бьюти наборы,Beauty
915878120,"Набор крем для рук и тела Сандал и ягоды можжевельника, натуральный 6 шт. по 380мл",SYNERGETIC,Бьюти наборы,Beauty
916045913,"Набор крем для рук и тела Пачули и ароматный бергамот, натуральный, 6 шт. по 380мл",SYNERGETIC,Бьюти наборы,Beauty
916106545,"Набор крем для рук и тела Карамельное яблоко и ваниль, натуральный, 6 шт. по 380мл",SYNERGETIC,Бьюти наборы,Beauty
916138569,"Набор для ухода за телом кофейный скраб, 6 шт. по 300мл",SYNERGETIC,Бьюти наборы,Beauty
916170361,Набор для ухода за телом скраб пачули и ароматный бергамот 6 шт. по 300мл,SYNERGETIC,Бьюти наборы,Beauty
916367837,"Набор для ухода за телом скраб кокос и масло макадамии,6 шт. по 300мл",SYNERGETIC,Бьюти наборы,Beauty
916364689,"Набор сухой скраб, натуральный моделирующий, кофе и нероли, 6 шт. по 200гр",SYNERGETIC,Бьюти наборы,Beauty
916403708,"Набор сухой скраб, натуральный антицеллюлитный, корица и красный перец, 6 шт. по 200гр",SYNERGETIC,Бьюти наборы,Beauty
916422330,"Набор сухой скраб, натуральный тонизирующий, кокос и ваниль,6 шт. по 200гр",SYNERGETIC,Бьюти наборы,Beauty
916434980,"Набор сухой скраб, натуральный питательный, какао и малина,6 шт. по 200гр",SYNERGETIC,Бьюти наборы,Beauty
916508948,"Набор мыло для рук и тела Миндальное молочко, жидкое мыло 6 шт. по 500мл",SYNERGETIC,Бьюти наборы,Beauty
916526872,"Набор Детская зубная паста липа и ромашка, от 0 до 3 лет, 50гр 12 шт.",SYNERGETIC,Наборы,Baby
916550059,Набор гель для интимной гигиены 6 шт. по 250мл,SYNERGETIC,Бьюти наборы,Beauty
916584741,Набор пенка для интимной гигиены 6 шт. по 150мл,SYNERGETIC,Бьюти наборы,Beauty
920708291,Набор для дома 5+5 ( средство для пола и поверхностей +для мытья окон и зеркал),SYNERGETIC,Clean_Наборы,Clean
920719456,Набор для дома 5+5 (посуда + окна),SYNERGETIC,Clean_Наборы,Clean
920922570,Набор для дома 5+5 (мыло + пол),SYNERGETIC,Clean_Наборы,Clean
920922098,Набор для дома 5+5 (мыло + стирка 2в1),SYNERGETIC,Home_Наборы,Home
921007878,"Набор Зубная паста активная защита, 100гр., 6 шт.",SYNERGETIC,Наборы,Oral
921022257,"Набор Зубная паста интенсивное отбеливание, 100гр., 6 шт.",SYNERGETIC,Наборы,Oral
921038772,"Набор Зубная паста природное отбеливание, 100гр., 6 шт.",SYNERGETIC,Наборы,Oral
921044308,"Набор Зубная паста комплекс-формула 7 в 1, 100гр., 6 шт.",SYNERGETIC,Наборы,Oral
921059286,"Набор Зубная паста для чувствительных зубов и десен, 100гр., 6 шт.",SYNERGETIC,Наборы,Oral
921074440,"Набор Зубная паста биоактивный кальций, 100 гр., 6 шт.",SYNERGETIC,Наборы,Oral
922104925,"Набор гель для стирки универсальный 2,75л + кондиционер-ополаскиватель миндальное молочко 2,75л Synergetic",SYNERGETIC,Home_Наборы,Home
922602778,"Набор для стирки детского белья гель 2,75л + кондиционер-ополаскиватель 2,75л, гипоаллергенный, без запаха",SYNERGETIC,Home_Наборы,Home
923296639,Набор средств для ванной комнаты 5+5 л,SYNERGETIC,Clean_Наборы,Clean
923339798,Набор Средство для мытья посуды 5+5л,SYNERGETIC,Clean_Наборы,Clean
923376563,Набор Средство для мытья полов моющее 5+5л,SYNERGETIC,Clean_Наборы,Clean
923457769,"Набор ""Стирка на 3 месяца"" гель для стирки 3 шт + кондиционер для белья 2 шт + подарок",SYNERGETIC,Home_Наборы,Home
923472107,"Набор для уборки Чистота и блеск, антижир, средство для уборки дома, сантехники 6шт.*500мл.",SYNERGETIC,Clean_Наборы,Clean
923463549,Набор для уборки дома,SYNERGETIC,Clean_Наборы,Clean
930574324,"Подарочный набор SPA Beauty, 6шт. Шампунь, сыворотка, маска, гель для душа, крем для рук и тела, скраб",SYNERGETIC,Бьюти наборы,Beauty
930572173,"Подарочный набор SPA Beauty, 5шт. Крем для рук и тела, гель для душа, жидкое мыло, соль для ванны, сухой скраб",SYNERGETIC,Бьюти наборы,Beauty
924086136,"Подарочный набор кремы для рук и тела Beauty, натуральные, без парабенов, без силиконов, 3 шт. по 380мл",SYNERGETIC,Бьюти наборы,Beauty
929687449,"Подарочный набор SPA, 3 шт. женский, крем для рук и тела 380 мл, гель для душа 380 мл, скраб для тела 300 мл",SYNERGETIC,Бьюти наборы,Beauty
929806726,"Подарочный набор косметических кремов натуральные кремы, ассорти, 6 шт. по 75мл.",SYNERGETIC,Бьюти наборы,Beauty
930005164,"Подарочный набор для ухода за волосами Энергия и сила, шампунь для волос и гель для душа 2 в 1, мужской, бессульфатный, 2 шт. по 400мл",SYNERGETIC,Бьюти наборы,Beauty
932357593,"Набор Детская зубная паста липа и ромашка, от 0 до 3 лет, 50гр 6 шт.",SYNERGETIC,Наборы,Oral
940614516,"Набор для уборки кухни чистящее средство для удаления жира, копоти, нагара с плит, сковородок, духовых шкафов, гриля и других кухонных поверхностей Антижир SYNERGETIC 0,5л* 3 шт.",SYNERGETIC,Clean_Наборы,Clean
940667984,Набор для уборки дома Сияющая поверхность с триггером (курковым распылителем) 3шт. * 500мл.,SYNERGETIC,Clean_Наборы,Clean
940759279,"Набор Чистая посуда Ultra Optimum 4 предмета: таблетки 55шт, соль 0,75кг, ополаскиватель 0,75л, мыло 1л",SYNERGETIC,Home_Наборы,Home
953630799,"Набор Чистая посуда Ultra Maximum 5 предметов: таблетки 100шт, соль 1,5кг, ополаскиватель 0,75л, гель 1л, мыло 1л",SYNERGETIC,Home_Наборы,Home
954709457,Набор для кухни и дома,SYNERGETIC,Clean_Наборы,Clean
996536823,"Подарочный набор для ухода за волосами SPA Beauty, 4шт. Шампунь, маска, сыворотка, пилинг для кожи головы",SYNERGETIC,Бьюти наборы,Beauty
996556597,"Набор гель для душа Кокос и масло макадамии, 3 шт. по 750мл",SYNERGETIC,Бьюти наборы,Beauty
998548755,"Набор гель для душа Карамельное яблоко и ваниль, 3 шт. по 750мл",SYNERGETIC,Бьюти наборы,Beauty
998550352,"Набор гель для душа Сандал и ягоды можжевельника, 3 шт. по 750мл",SYNERGETIC,Бьюти наборы,Beauty
998550133,"Набор гель для душа ассорти, 3 шт. по 750мл.",SYNERGETIC,Бьюти наборы,Beauty
1054137835,Набор Кондиционер Альпийская свежесть и Гель для стирки Универсальный,Lomberta,Наборы,Lomberta
1054148424,Набор Кондиционер Ароматная лаванда и Гель для стирки Универсальный,Lomberta,Наборы,Lomberta
1054165026,Набор Кондиционер Сицилийская Роза и Гель для стирки Универсальный,Lomberta,Наборы,Lomberta
1101120958,"Набор подгузники SYNERGETIC Pure&Nature, размер 2 / MINI, 2 упаковки по 50 шт.",SYNERGETIC,Наборы,Baby
1101127752,"Набор подгузники-трусики SYNERGETIC Pure&Nature, размер 5 / JUNIOR, 2 упаковки по 40 шт.",SYNERGETIC,Наборы,Baby
1101103213,"Набор подгузники-трусики SYNERGETIC Pure&Nature, размер 6 / XL, 2 упаковки по 36 шт.",SYNERGETIC,Наборы,Baby
1101099567,"Подгузники-трусики Pure&Nature, размер 4 / MAXI, 2 упаковки по 44 шт.",SYNERGETIC,Подгузники,Baby
1101085182,"Подгузники Pure Nature, размер 3, 2 упаковки по 49 шт",SYNERGETIC,Подгузники,Baby
1099910458,"Набор подгузники Pure&Nature, размер 4 / MAXI, 2 упаковки по 42 шт.",SYNERGETIC,Наборы,Baby
1100819519,Набор для стирки белья Гель универсальный для всех видов тканей 5л + Кондиционер-ополаскиватель Утренняя роса 5л,SYNERGETIC,Home_Наборы,Home
1100871562,Набор для стирки детского белья гель 5л + кондиционер Нежное прикосновение 5л,SYNERGETIC,Home_Наборы,Home
1117832231,"Набор-Капсулы для стирки Color ""40+40""",SYNERGETIC,Home_Наборы,Home
1117831887,"Набор-Капсулы для стирки Color ""40+60""",SYNERGETIC,Home_Наборы,Home